{
  "added_tokens_decoder": {
    "0": {
      "content": "<|endoftext|>",
      "lstrip": false,
      "normalized": false,
      "rstrip": false,
      "single_word": false,
      "special": true
    },
    "1": {
      "content": "<|pad|>",
      "lstrip": false,
      "normalized": false,
      "rstrip": false,
      "single_word": false,
      "special": true
    },
    "2": {
      "content": "<|USER|>",
      "lstrip": false,
      "normalized": false,
      "rstrip": false,
      "single_word": false,
      "special": true
    },
    "3": {
      "content": "<|ASSISTANT|>",
      "lstrip": false,
      "normalized": false,
      "rstrip": false,
      "single_word": false,
      "special": true
    }
  },
  "bos_token": "<|endoftext|>",
  "clean_up_tokenization_spaces": true,
  "eos_token": "<|endoftext|>",
  "model_max_length": 1000000000000000019884624838656,
  "pad_token": "<|pad|>",
  "tokenizer_class": "PreTrainedTokenizerFast"
}
