{
  "version": "1.0",
  "truncation": null,
  "padding": null,
  "added_tokens": [
    {
      "id": 0,
      "content": "<|endoftext|>",
      "single_word": false,
      "lstrip": false,
      "rstrip": false,
      "normalized": false,
      "special": true
    },
    {
      "id": 1,
      "content": "<|pad|>",
      "single_word": false,
      "lstrip": false,
      "rstrip": false,
      "normalized": false,
      "special": true
    },
    {
      "id": 2,
      "content": "<|USER|>",
      "single_word": false,
      "lstrip": false,
      "rstrip": false,
      "normalized": false,
      "special": true
    },
    {
      "id": 3,
      "content": "<|ASSISTANT|>",
      "single_word": false,
      "lstrip": false,
      "rstrip": false,
      "normalized": false,
      "special": true
    }
  ],
  "normalizer": null,
  "pre_tokenizer": {
    "type": "ByteLevel",
    "add_prefix_space": false,
    "trim_offsets": true,
    "use_regex": true
  },
  "post_processor": {
    "type": "ByteLevel",
    "add_prefix_space": true,
    "trim_offsets": false,
    "use_regex": true
  },
  "decoder": {
    "type": "ByteLevel",
    "add_prefix_space": true,
    "trim_offsets": true,
    "use_regex": true
  },
  "model": {
    "type": "BPE",
    "dropout": null,
    "unk_token": null,
    "continuing_subword_prefix": null,
    "end_of_word_suffix": null,
    "fuse_unk": false,
    "byte_fallback": false,
    "ignore_merges": false,
    "vocab": {
      "<|endoftext|>": 0,
      "<|pad|>": 1,
      "<|USER|>": 2,
      "<|ASSISTANT|>": 3,
      "!": 4,
      "\"": 5,
      "#": 6,
      "$": 7,
      "%": 8,
      "&": 9,
      "'": 10,
      "(": 11,
      ")": 12,
      "*": 13,
      "+": 14,
      ",": 15,
      "-": 16,
      ".": 17,
      "/": 18,
      "0": 19,
      "1": 20,
      "2": 21,
      "3": 22,
      "4": 23,
      "5": 24,
      "6": 25,
      "7": 26,
      "8": 27,
      "9": 28,
      ":": 29,
      ";": 30,
      "<": 31,
      "=": 32,
      ">": 33,
      "?": 34,
      "@": 35,
      "A": 36,
      "B": 37,
      "C": 38,
      "D": 39,
      "E": 40,
      "F": 41,
      "G": 42,
      "H": 43,
      "I": 44,
      "J": 45,
      "K": 46,
      "L": 47,
      "M": 48,
      "N": 49,
      "O": 50,
      "P": 51,
      "Q": 52,
      "R": 53,
      "S": 54,
      "T": 55,
      "U": 56,
      "V": 57,
      "W": 58,
      "X": 59,
      "Y": 60,
      "Z": 61,
      "[": 62,
      "]": 63,
      "_": 64,
      "`": 65,
      "a": 66,
      "b": 67,
      "c": 68,
      "d": 69,
      "e": 70,
      "f": 71,
      "g": 72,
      "h": 73,
      "i": 74,
      "j": 75,
      "k": 76,
      "l": 77,
      "m": 78,
      "n": 79,
      "o": 80,
      "p": 81,
      "q": 82,
      "r": 83,
      "s": 84,
      "t": 85,
      "u": 86,
      "v": 87,
      "w": 88,
      "x": 89,
      "y": 90,
      "z": 91,
      "{": 92,
      "|": 93,
      "}": 94,
      "~": 95,
      "¡": 96,
      "¢": 97,
      "£": 98,
      "¤": 99,
      "¥": 100,
      "¦": 101,
      "§": 102,
      "¨": 103,
      "©": 104,
      "ª": 105,
      "«": 106,
      "¬": 107,
      "®": 108,
      "¯": 109,
      "°": 110,
      "±": 111,
      "²": 112,
      "³": 113,
      "´": 114,
      "µ": 115,
      "¶": 116,
      "·": 117,
      "¸": 118,
      "¹": 119,
      "º": 120,
      "»": 121,
      "¼": 122,
      "½": 123,
      "¾": 124,
      "¿": 125,
      "Â": 126,
      "Ã": 127,
      "Ð": 128,
      "Ñ": 129,
      "Ø": 130,
      "Ù": 131,
      "â": 132,
      "ã": 133,
      "ä": 134,
      "å": 135,
      "æ": 136,
      "ç": 137,
      "è": 138,
      "é": 139,
      "ê": 140,
      "ë": 141,
      "ì": 142,
      "í": 143,
      "ï": 144,
      "ð": 145,
      "Ċ": 146,
      "Ġ": 147,
      "Ģ": 148,
      "ģ": 149,
      "Ĥ": 150,
      "ĥ": 151,
      "Ħ": 152,
      "ħ": 153,
      "Ĩ": 154,
      "ĩ": 155,
      "Ī": 156,
      "ī": 157,
      "Ĭ": 158,
      "ĭ": 159,
      "Į": 160,
      "į": 161,
      "İ": 162,
      "ı": 163,
      "Ĳ": 164,
      "ĳ": 165,
      "Ĵ": 166,
      "ĵ": 167,
      "Ķ": 168,
      "ķ": 169,
      "ĸ": 170,
      "Ĺ": 171,
      "ĺ": 172,
      "Ļ": 173,
      "ļ": 174,
      "Ľ": 175,
      "ľ": 176,
      "Ŀ": 177,
      "ŀ": 178,
      "Ł": 179,
      "ł": 180,
      "Ń": 181,
      "Ġì": 182,
      "Ġë": 183,
      "ìĿ": 184,
      "Ġê": 185,
      "ëĭ": 186,
      "Īì": 187,
      "Ġí": 188,
      "ëĬ": 189,
      "´ì": 190,
      "ëĬĶ": 191,
      "ê³": 192,
      "ëĭ¤": 193,
      "ļĶ": 194,
      "·¸": 195,
      "ê³ł": 196,
      "Ġê·¸": 197,
      "ìĿĦ": 198,
      "ìĹ": 199,
      "ëĭĪ": 200,
      "Ġìŀ": 201,
      "ê°": 202,
      "ìĿĢ": 203,
      "ĸ´ì": 204,
      "ëĭĪëĭ¤": 205,
      "íķ": 206,
      "µëĭĪëĭ¤": 207,
      "ĸ´ìļĶ": 208,
      "ìĿ´": 209,
      "ìķ": 210,
      "ë¥": 211,
      "Ġë§": 212,
      "ĬµëĭĪëĭ¤": 213,
      "§Ģ": 214,
      "ĸĪì": 215,
      "ëĵ": 216,
      "ìĹĲ": 217,
      "ë¦": 218,
      "ë¥¼": 219,
      "ê°Ģ": 220,
      "ĺì": 221,
      "ê²": 222,
      "ëĵ¤": 223,
      "íĸĪì": 224,
      "Ġíķ": 225,
      "ĠëĤ": 226,
      "ë§": 227,
      "ĸ´": 228,
      "Ħľ": 229,
      "Ġê°": 230,
      "Ġìķ": 231,
      "ë¦¬": 232,
      "Ŀ¼": 233,
      "¸°": 234,
      "ê²Į": 235,
      "ëĤ": 236,
      "ëĿ¼": 237,
      "ìķĦ": 238,
      "ë¡": 239,
      "ìŀ": 240,
      "¤ì": 241,
      "ë¡ľ": 242,
      "Ġë°": 243,
      "ĠìĹ": 244,
      "Ġìĥ": 245,
      "ëħ": 246,
      "Ġê³": 247,
      "ê¸°": 248,
      "ì§Ģ": 249,
      "Ġìĭ": 250,
      "ĪìĹ": 251,
      "Ġ\"": 252,
      "ĮĢ": 253,
      "£ł": 254,
      "ë©": 255,
      "ìĿĺ": 256,
      "ëŀ": 257,
      "ëł": 258,
      "íķĺ": 259,
      "Ġê²": 260,
      "ìĦľ": 261,
      "Ġëĭ": 262,
      "Ġê·¸ëĵ¤": 263,
      "ĠìĪ": 264,
      "ĠìĿ": 265,
      "Ġë§Ĳ": 266,
      "ıĦ": 267,
      "ìĹĪì": 268,
      "ìľ": 269,
      "Ġë³": 270,
      "ë³": 271,
      "ĠëĨ": 272,
      "ëħĢ": 273,
      "ìĸ´": 274,
      "Ġê°Ģ": 275,
      "ĠìŀĪìĹ": 276,
      "ĻĢ": 277,
      "Ġìł": 278,
      "ìļĶ": 279,
      "ìĸ´ìļĶ": 280,
      "ìł": 281,
      "Ġê·¸ëĵ¤ìĿĢ": 282,
      "íķľ": 283,
      "êµ": 284,
      "ë¬": 285,
      "Ġë¬": 286,
      "ĠìĨ": 287,
      "¯¸": 288,
      "Ġì¹": 289,
      "ìĽ": 290,
      "ìĭ": 291,
      "ë©°": 292,
      "ìľ¼": 293,
      "íĸĪìĬµëĭĪëĭ¤": 294,
      "ĠìĪĺ": 295,
      "ĠìŀĪìĹĪì": 296,
      "ĠìĤ": 297,
      "Ġê±": 298,
      "ĠíĮĢ": 299,
      "ĠëĨĢ": 300,
      "ëŁ": 301,
      "Ġê²ĥ": 302,
      "ĪëĬĶ": 303,
      "Ġì¢": 304,
      "Ġëª": 305,
      "Ġíģ": 306,
      "Ġìĺ": 307,
      "êµ¬": 308,
      "ĠëĤł": 309,
      "£¼": 310,
      "Ĭ¤": 311,
      "Ġì¹ľ": 312,
      "Ħë§": 313,
      "Ġê·¸ëħĢ": 314,
      "ìļ": 315,
      "ĠìĨĮ": 316,
      "ĠìķĦ": 317,
      "íĸĪìĸ´ìļĶ": 318,
      "ĠëĤĺ": 319,
      "ĠìĹĦë§": 320,
      "Ġìĸ´": 321,
      "ìķĺì": 322,
      "Ġì°": 323,
      "Ġì¢ĭ": 324,
      "ìĬµëĭĪëĭ¤": 325,
      "ë§Į": 326,
      "ëıĦ": 327,
      "ê³¼": 328,
      "Ġê·¸ëĬĶ": 329,
      "Ġì¹ľêµ¬": 330,
      "ìĻĢ": 331,
      "ìŀĲ": 332,
      "ìĺ": 333,
      "ëĭµëĭĪëĭ¤": 334,
      "ĠíĨ": 335,
      "ìĹĲìĦľ": 336,
      "´ìķ": 337,
      "Ġíģ°": 338,
      "Ġë²": 339,
      "´ë¦¬": 340,
      "ĠìĤ¬": 341,
      "Ġê·¸ëħĢëĬĶ": 342,
      "Ġë¦": 343,
      "ĠëĦ": 344,
      "ëĿ¼ëĬĶ": 345,
      "ë¯¸": 346,
      "ļ°": 347,
      "ëĿ¼ê³ł": 348,
      "Ġë³´": 349,
      "íķ´": 350,
      "Ġìŀĳ": 351,
      "Ġìĭ¶": 352,
      "Ġíĸ": 353,
      "ëĬĲ": 354,
      "ê»": 355,
      "ìĹĲê²Į": 356,
      "Ġê³µ": 357,
      "Ġê²ĥìĿĦ": 358,
      "Ġëĵ": 359,
      "Ġë¦´ë¦¬": 360,
      "ê±": 361,
      "Ġëı": 362,
      "ê»ĺ": 363,
      "ĠìŀĲ": 364,
      "ĠíĸĪì": 365,
      "ĠìĿ´": 366,
      "¨ê»ĺ": 367,
      "Ġìłķ": 368,
      "Ġíķ¨ê»ĺ": 369,
      "Ġì¢ĭìķĦ": 370,
      "ëŁ¬": 371,
      "ľê°": 372,
      "ëĤĺ": 373,
      "ë¬´": 374,
      "Ġê³ł": 375,
      "ìľ¼ë¡ľ": 376,
      "´ìĹ": 377,
      "ĠìŀĳìĿĢ": 378,
      "§Ģë§Į": 379,
      "ìļ´": 380,
      "íĸĪì£ł": 381,
      "ìĬ¤": 382,
      "ĠíĮĢìĿĢ": 383,
      "Ġëĭ¤": 384,
      "Ġëª¨": 385,
      "Ġì§": 386,
      "Ġë¶": 387,
      "íķ´ì": 388,
      "ĠíĨ°": 389,
      "íĸ": 390,
      "Ġíķĺ": 391,
      "Ġê¸°": 392,
      "ĠìķĬ": 393,
      "Ġë¬¼": 394,
      ".\"": 395,
      "!\"": 396,
      "Ġë¹": 397,
      "Ġíĸī": 398,
      "ë§Ĳ": 399,
      "ìĥ": 400,
      "ĠìĽ": 401,
      "Ġëį": 402,
      "ì£¼": 403,
      "ë³µ": 404,
      "ĠëıĦ": 405,
      "ëł¤": 406,
      "Ġìŀ¥": 407,
      "ĠìĥĪ": 408,
      "Ġíĸīë³µ": 409,
      "Ġìĸ´ëĬĲ": 410,
      "ķĮ": 411,
      "Ġìłķë§Ĳ": 412,
      "ĪëĭµëĭĪëĭ¤": 413,
      "ìĹĪìĸ´ìļĶ": 414,
      "Ġë§¤ì": 415,
      "Ġê±°": 416,
      "ëį": 417,
      "ìĹĪìĬµëĭĪëĭ¤": 418,
      "ĠìŀĪìĹĪìĸ´ìļĶ": 419,
      "Ġë§¤ìļ°": 420,
      "Ġìŀ¥ëĤ": 421,
      "ê±°": 422,
      "ĸĳ": 423,
      "ĠëĲ": 424,
      "Ġë¯¸": 425,
      "ĪìĿĦ": 426,
      "Ġë°Ķ": 427,
      "Ġë§Į": 428,
      "Ġê±¸": 429,
      "ľê°Ĳ": 430,
      "Ġìŀ¥ëĤľê°Ĳ": 431,
      "Ġìľ": 432,
      "Ġìĭľ": 433,
      "ìķ¼": 434,
      "Ġê°ľ": 435,
      "ìĨ": 436,
      "ì§": 437,
      "¡Į": 438,
      "ĠëĦĪ": 439,
      "ĠìŀĪìĹĪìĬµëĭĪëĭ¤": 440,
      "ĻĶ": 441,
      "Ġì°¾": 442,
      "ĠìĹĦë§Ī": 443,
      "ìĸ´ì": 444,
      "íķĺê³ł": 445,
      "ëĤł": 446,
      "ìĽĲ": 447,
      "ê¹": 448,
      "ìķĺìĸ´ìļĶ": 449,
      "´ìĦľ": 450,
      "Ġê³łì": 451,
      "Ġëħ": 452,
      "Ġì§Ģ": 453,
      "Ġì§ĳ": 454,
      "ë¹": 455,
      "ë°": 456,
      "ĠìĽĥ": 457,
      "Ġë§ĲíĸĪìĬµëĭĪëĭ¤": 458,
      "£¨": 459,
      "íĮ": 460,
      "ĠìĥĿ": 461,
      "ìĽĮ": 462,
      "ìĿ¼": 463,
      "ĠìĬ": 464,
      "ë²": 465,
      "íķĺì": 466,
      "ĠìľĦ": 467,
      "Īê³ł": 468,
      "ĳĲ": 469,
      "ĪìĹĲ": 470,
      "ì£ł": 471,
      "Ġëħ¸": 472,
      "Ġíķĺì": 473,
      "ìĭł": 474,
      "ĠìĦ": 475,
      "ĦìĿ´": 476,
      "Ġë¨": 477,
      "Ġëĭ¤ì": 478,
      "´ìķ¼": 479,
      "Ġê³łìĸĳ": 480,
      "ĠìŀĪì": 481,
      "¬í": 482,
      "§ĢìļĶ": 483,
      "Ġê¸°ë": 484,
      "ĠëįĶ": 485,
      "?\"": 486,
      "ëģ": 487,
      "Ġë°ľ": 488,
      "ìĤ": 489,
      "ìĭľ": 490,
      "ê°ģ": 491,
      "ë³´": 492,
      "ë¬¼": 493,
      "ĠìĿ¼": 494,
      "Ġì¡": 495,
      "Ġë¶Ģ": 496,
      "ìĿ¸": 497,
      "Ġê°Ģì§Ģ": 498,
      "ì°": 499,
      "Ġì£¼": 500,
      "ëŀĺ": 501,
      "ĠìŀĪëĬĶ": 502,
      "Ġìŀ¬": 503,
      "´ìķĺì": 504,
      "ĠìĨĮëħĢ": 505,
      "ĦìĿĦ": 506,
      "ĭľ": 507,
      "ê¹Į": 508,
      "Ġì¹ľêµ¬ëĵ¤": 509,
      "Ġë§Ī": 510,
      "ĽëĤł": 511,
      "ëł¸": 512,
      "Ġë§İ": 513,
      "Ġë¦´ë¦¬ëĬĶ": 514,
      "ìŀĳ": 515,
      "ìľ¼ë©°": 516,
      "ĠëĦĪë¬´": 517,
      "ĠëĮĢ": 518,
      "Ġìĭľìŀĳ": 519,
      "ëĭ¤ëĬĶ": 520,
      "ĠìĬ¬í": 521,
      "ëĵł": 522,
      "Ġê³łìĸĳìĿ´": 523,
      "ĠìĨĮëħ": 524,
      "Ġëĭ¬": 525,
      "ê²¬": 526,
      "Ġìĥģ": 527,
      "ë¦¬ë¥¼": 528,
      "ê°Ķ": 529,
      "Ġêµ": 530,
      "Ġíķľ": 531,
      "Ġìĭ¶ìĸ´": 532,
      "ëŀĮ": 533,
      "ĠëķĮ": 534,
      "Ġë°ľê²¬": 535,
      "ìĿ´ìĹ": 536,
      "Ġíķ´": 537,
      "ë¦Ħ": 538,
      "íķĺëĬĶ": 539,
      "ĠìĥĿê°ģ": 540,
      "ĠìĬ¤": 541,
      "ìĤ¬": 542,
      "ĭ°": 543,
      "Ġë§¥": 544,
      "ĠìĹĦë§ĪëĬĶ": 545,
      "ĺìĦľ": 546,
      "Ġë³´ê³ł": 547,
      "Ġì¤": 548,
      "ĠìŀĲìĭł": 549,
      "Ġì¡°": 550,
      "Ġìŀ¬ë¯¸": 551,
      "ĠìĹĨ": 552,
      "Ġëĭ¤ìĭľ": 553,
      "ëĥ": 554,
      "¦Ĳ": 555,
      "ĠëıĮ": 556,
      "ë¦¬ê³ł": 557,
      "ìĿĮ": 558,
      "Ġë²¤": 559,
      "ĠëĲĺ": 560,
      "ĠíĨ°ìĿĢ": 561,
      "ìĿ´ì": 562,
      "ëĳĲ": 563,
      "ê¸": 564,
      "Ġë§ĲíĸĪìĸ´ìļĶ": 565,
      "Ġëĵ¤": 566,
      "íĸĪëĭµëĭĪëĭ¤": 567,
      "ĠëĤ´": 568,
      "ìĺĽëĤł": 569,
      "Ġê°Ģì§Ģê³ł": 570,
      "ëĭ¤ê³ł": 571,
      "ìĿ´ëĿ¼ëĬĶ": 572,
      "Ġì¦Ĳ": 573,
      "į¼": 574,
      "ëŀĳ": 575,
      "ê¸°ë¥¼": 576,
      "Ġë©": 577,
      "ë¦¬ëĬĶ": 578,
      "ĠëĤĺë¬´": 579,
      "Ġê³µìĽĲ": 580,
      "Ġë´": 581,
      "Ġíķĺì§Ģë§Į": 582,
      "íķĺë©°": 583,
      "Ġë§¥ìĬ¤": 584,
      "ĠëĽ": 585,
      "íķĺê²Į": 586,
      "Ġë¨¹": 587,
      "ĠìķĮ": 588,
      "ĠíĸĪìĬµëĭĪëĭ¤": 589,
      "ëĵ¤ìĿĦ": 590,
      "Ġë°°": 591,
      "ë¦°": 592,
      "ìłģ": 593,
      "ĠìĿ´ì": 594,
      "ĠëĽ°": 595,
      "ĠìŀĪ": 596,
      "ìŀ¥": 597,
      "Ġìĥĺ": 598,
      "Ġíģ¬": 599,
      "Ġìŀ¬ë¯¸ìŀ": 600,
      "ìķĺìĬµëĭĪëĭ¤": 601,
      "Ġë§Įëĵ¤": 602,
      "ëĦ": 603,
      "ĠëıĻ": 604,
      "ìķĪ": 605,
      "ĠíĮ": 606,
      "ë¶": 607,
      "ì¤": 608,
      "Ġìļ": 609,
      "Ġê¹": 610,
      "ì¹": 611,
      "ëŀĲ": 612,
      "ìĨĮ": 613,
      "ĠëĨĢê³ł": 614,
      "Ġë§İìĿĢ": 615,
      "Ġê¸°ë»": 616,
      "ë¥¸": 617,
      "ĠìĬ¤íĮ": 618,
      "ëª": 619,
      "ëķĮ": 620,
      "ëĶ": 621,
      "ĠëıĦìĻĢ": 622,
      "Ĭ¸": 623,
      "ĠìĹ¬": 624,
      "ëĵľ": 625,
      "ì²": 626,
      "Ġê°Ķ": 627,
      "íĶ": 628,
      "ìĦ": 629,
      "ìĥī": 630,
      "¤ìĸ´ìļĶ": 631,
      "Ġëª¨ëĳĲ": 632,
      "ë¥´": 633,
      "ìĭ¬": 634,
      "íķ´ìļĶ": 635,
      "Ġëĳ": 636,
      "ħ¨": 637,
      "ìĽł": 638,
      "ìł¸": 639,
      "ĠìĬ¤íĮŁ": 640,
      "íģ": 641,
      "Ġìĺ¤": 642,
      "Ġë³´ìķĺì": 643,
      "Ġìļ°": 644,
      "Ġì¹ľêµ¬ê°Ģ": 645,
      "ë£¨": 646,
      "ĢìĿĦ": 647,
      "ĠìķĪ": 648,
      "ĥģ": 649,
      "Ġê·¸ë¦¬ê³ł": 650,
      "Ġíķł": 651,
      "ëĮĢ": 652,
      "Ġìĸ": 653,
      "ëį°": 654,
      "ĠìĽĥìľ¼ë©°": 655,
      "íĺ": 656,
      "ĠìĿ´ë¦Ħ": 657,
      "ìĥģ": 658,
      "ëĶĶ": 659,
      "Ġëħ¸ëĬĶ": 660,
      "Ġíĥ": 661,
      "ë¡ľìļ´": 662,
      "Ġëĸ": 663,
      "Ġë¬´ìĦľ": 664,
      "ĠìĺĽ": 665,
      "ë¨": 666,
      "ĠìĺĽìłģ": 667,
      "ìĺĢ": 668,
      "ĠìĬ¬íį¼": 669,
      "ëı": 670,
      "ìķĺ": 671,
      "ĠëĬ": 672,
      "Ġìĺ¬": 673,
      "Ġì°¨": 674,
      "ìĹĪì£ł": 675,
      "Ġë°©": 676,
      "Ġíĺ": 677,
      "ĠíĸĪìĸ´ìļĶ": 678,
      "ĠìĤ´": 679,
      "ìłķ": 680,
      "ĠìĨĮëħĦìĿ´": 681,
      "ĠìĥĪëĬĶ": 682,
      "Ġë¹¨": 683,
      "ëĵ¤ìĿ´": 684,
      "ë©´": 685,
      "ĠìĥģìŀĲ": 686,
      "ĠìĺĽìłģìĹĲ": 687,
      "ŀĲ": 688,
      "Ġë¯¸ìķĦ": 689,
      "ĠíĨł": 690,
      "ìĨį": 691,
      "ĪìĹĲê²Į": 692,
      "ĠìĿ´ë¦ĦìĿĺ": 693,
      "ì¡Į": 694,
      "Ġê°Ļ": 695,
      "ĢìĿ´": 696,
      "ĠìĹĦë§Īê°Ģ": 697,
      "íģ¬": 698,
      "ĠëĶ": 699,
      "ĠìĨĮëħĢê°Ģ": 700,
      "Ġìĭľê°": 701,
      "íķĺì§Ģ": 702,
      "ë¨¸": 703,
      "ê¸°ë¡ľ": 704,
      "ëł¤ê³ł": 705,
      "ĠëĤĺë": 706,
      "ĪìĬµëĭĪëĭ¤": 707,
      "ŀĪ": 708,
      "ì§Ħ": 709,
      "Ġëĳĺ": 710,
      "ĽĦ": 711,
      "ìĸ´ëĬĲ": 712,
      "Ġë£¨": 713,
      "Ġê²°": 714,
      "Ġëĵ¤ì": 715,
      "ë©´ìĦľ": 716,
      "Ġíģ¬ê³ł": 717,
      "Ġì¢ħ": 718,
      "Ġëª»": 719,
      "ê²ĥ": 720,
      "ë¹ł": 721,
      "Ġë§ĲíĸĪì£ł": 722,
      "Ġë²Į": 723,
      "¸ìĿĦ": 724,
      "ĠìķĪì": 725,
      "ĠëĪ": 726,
      "Ġê°ķ": 727,
      "ëıĻ": 728,
      "ëł¤ì": 729,
      "Ġë§¤": 730,
      "ĠíĶ": 731,
      "ë¯¸ëĬĶ": 732,
      "Ġì¶": 733,
      "ëģ¼": 734,
      "Ġìĸ´ë¦°": 735,
      "Ġëģ": 736,
      "Ġì¦Ĳê±°": 737,
      "ĠìĥĪë¡ľìļ´": 738,
      "Ġê³µìĿĦ": 739,
      "Ħí": 740,
      "Ġì°¾ìķĦ": 741,
      "Ġìĭł": 742,
      "Ġê¸": 743,
      "Ġê¸°ë»Ĳ": 744,
      "ëĤ¬": 745,
      "Ġëĭ¤ë¥¸": 746,
      "łĦ": 747,
      "ëĤ´": 748,
      "Ġì²": 749,
      "ĠìĤ¬ëŀĮ": 750,
      "ĠìķĦë¹ł": 751,
      "Ġíı": 752,
      "Ġêµ¬": 753,
      "ĠìŀĪìĸ´": 754,
      "Īìĸ´ìļĶ": 755,
      "ìļ°": 756,
      "Ġë³´ìķĺìĬµëĭĪëĭ¤": 757,
      "ĠíĮĮ": 758,
      "ìĪ": 759,
      "ĠëıĮìķĦ": 760,
      ",\"": 761,
      "Ġë£¨ìĭľ": 762,
      "ĠëĤ¨": 763,
      "Ġê·¸ëŀ": 764,
      "ĠìŀĪìĿĦ": 765,
      "Ġíĭ°": 766,
      "ì°¨": 767,
      "ĠìĻ": 768,
      "Ħ°": 769,
      "ìłĢ": 770,
      "ĠëĤĺëĪ": 771,
      "íķľëķĮ": 772,
      "Ġìŀ¥ëĤľê°ĲìĿĦ": 773,
      "íķ´ìĦľ": 774,
      "Ĥ¤": 775,
      "ë¹Ħ": 776,
      "ľ¼": 777,
      "Ġë§¥ìĬ¤ëĬĶ": 778,
      "ĠíķŃ": 779,
      "Ġê·¸ê²ĥ": 780,
      "ķìĿĦ": 781,
      "ĠìĦľ": 782,
      "ĠìķĦìĿ´": 783,
      "ë¦¬ê°Ģ": 784,
      "Ġë¹Ħ": 785,
      "Īê²Į": 786,
      "ĠìĺĪì": 787,
      "Ġìłľ": 788,
      "ìĭĿ": 789,
      "ëŁ¼": 790,
      "ĠìķĦì£¼": 791,
      "±ħ": 792,
      "íĸĪì§ĢìļĶ": 793,
      "íķł": 794,
      "ëĭµ": 795,
      "Ġë¬´ìĦľìĽĮ": 796,
      "ë¡Ŀ": 797,
      "íĬ¸": 798,
      "Ġë³´ëĥ": 799,
      "ĠíĬ": 800,
      "Ġê·¸ëŀĺìĦľ": 801,
      "íĥ": 802,
      "ê°ľ": 803,
      "ëĵ¤ìĿĢ": 804,
      "Ġíķĺê³ł": 805,
      "ì²ĺ": 806,
      "ĠíĻĶ": 807,
      "ĠìĨĲ": 808,
      "ê·¸": 809,
      "ê±°ëĵł": 810,
      "ê·": 811,
      "ĠíĮĢìĿ´ëĿ¼ëĬĶ": 812,
      "ëŁ°": 813,
      "ë²Ħ": 814,
      "ê°Ħ": 815,
      "ĠìĿ¸": 816,
      "ĠíĿ": 817,
      "Ġìŀ¬ë¯¸ìŀĪê²Į": 818,
      "Ġë°ĸ": 819,
      "ĠìľĦíķ´": 820,
      "ì³": 821,
      "Ġê°Ķìĸ´ìļĶ": 822,
      "Īëĭ¤": 823,
      "Ġê²Į": 824,
      "ëĬĺ": 825,
      "ìľĦ": 826,
      "ë´": 827,
      "ĠëĬĲ": 828,
      "ì¹ĺ": 829,
      "Ġì¦Ĳê±°ìļ´": 830,
      "ĠëĮĢëĭµ": 831,
      "ëłĪ": 832,
      "Ġê³łìĸĳìĿ´ëĬĶ": 833,
      "ĠëĤĺì": 834,
      "Ġíķ´ì": 835,
      "ĽĮ": 836,
      "ìĺ¤": 837,
      "ìĶ": 838,
      "íĭ°": 839,
      "ìĿ´ëĬĶ": 840,
      "ĠìŀĲìĭłìĿĺ": 841,
      "Ġëª°": 842,
      "ë§Īì": 843,
      "Ġìĭľê°ĦìĿĦ": 844,
      "Ġê°Ģìł¸": 845,
      "Ġë§¤ìĿ¼": 846,
      "ê±°ëĵłìļĶ": 847,
      "Ġê·¸ìĿĺ": 848,
      "Ġê²ĥìĿ´": 849,
      "Ġì§ĳìľ¼ë¡ľ": 850,
      "ê±´": 851,
      "Ġê·¸ëŁ°": 852,
      "ĠëĶ°": 853,
      "ĠìĹĲ": 854,
      "Ġê·": 855,
      "ĠìķĬìķĺìĸ´ìļĶ": 856,
      "ë¦¼": 857,
      "ëĦ¤": 858,
      "Ġë´¤ìĸ´ìļĶ": 859,
      "ĠìĹĦë§ĪìĹĲê²Į": 860,
      "Ġë§Īì": 861,
      "Ġë§ĲìĿĦ": 862,
      "Ġë¬´ì": 863,
      "Ġê¹¨": 864,
      "Ġê°Ĳ": 865,
      "Ġì¢ħìĿ¼": 866,
      "ì¡": 867,
      "´ìĹ¬": 868,
      "ĠìĤ´ê³ł": 869,
      "ĠìĺĪìģ": 870,
      "¥Ĳ": 871,
      "Ġë§Ľ": 872,
      "Ġê¼": 873,
      "Ġë³´ìĹ¬": 874,
      "Ġë²¤ìĿĢ": 875,
      "Ġíķĺë£¨": 876,
      "ë³Ħ": 877,
      "ĠëĤ¨ìŀĲ": 878,
      "ëł¸ìĸ´ìļĶ": 879,
      "ëŀĢ": 880,
      "ĠìķĪìĹĲ": 881,
      "ĠìĿ´ìķ¼": 882,
      "ëĭ¬": 883,
      "ĠëĨĴ": 884,
      "ì§Ģë§Į": 885,
      "Ġê½": 886,
      "ĠíķŃìĥģ": 887,
      "ĠìĤ¬ëŀĳ": 888,
      "ĠëĽ°ìĸ´": 889,
      "ìĬ": 890,
      "ĠìĬ¤íĮŁìĿĢ": 891,
      "ĠìĥĺìĿĢ": 892,
      "ê°ĶìĬµëĭĪëĭ¤": 893,
      "Ġëª¨ëĵł": 894,
      "ĠíĮĢê³¼": 895,
      "ĪìļĶ": 896,
      "´ìĹĲ": 897,
      "Ġê±°ìķ¼": 898,
      "íĹ": 899,
      "łľ": 900,
      "ĠëıĻë¬¼": 901,
      "ìĹĪëĭµëĭĪëĭ¤": 902,
      "íĸĪê³ł": 903,
      "ĠìĿ´ìĥģ": 904,
      "Ġê³Ħ": 905,
      "Ġìļ¸": 906,
      "Ġë¹¨ê°Ħ": 907,
      "ĠìĹ°": 908,
      "Ġê·¸ëŁ°ëį°": 909,
      "ĠëĨĢìķĺìĸ´ìļĶ": 910,
      "ê²ł": 911,
      "Ġëį°": 912,
      "ĠìŀĪìĹĪì£ł": 913,
      "Ġë°ĺì": 914,
      "ĠìĿ¼ìĿ´": 915,
      "ìĿ´ìķ¼": 916,
      "ìķĺì£ł": 917,
      "ìłĪ": 918,
      "ìĸ´ìĦľ": 919,
      "Ġìŀł": 920,
      "Ġìŀ¡": 921,
      "ķ¼": 922,
      "ëįĺ": 923,
      "ĠìĿĮ": 924,
      "Ġëĵ£": 925,
      "ĠìĦł": 926,
      "ĠëıĦìĻĢì£¼": 927,
      "Ġê³µìĽĲìĹĲ": 928,
      "ê¸Ī": 929,
      "ëĭ¤ê°Ģ": 930,
      "Ġë°¥": 931,
      "íĦ°": 932,
      "ĠìĦ¸": 933,
      "Ġë¬¼ê³ł": 934,
      "íĨ": 935,
      "Ġì¢ĭìķĦíĸĪì£ł": 936,
      "Ġë°ľê²¬íĸĪìĸ´ìļĶ": 937,
      "Ġìŀĺ": 938,
      "ľ»": 939,
      "ĪìĻĢ": 940,
      "Ġê¸°ë¶": 941,
      "ìĿ´ë¥¼": 942,
      "Ġëĭ¬ëł¤": 943,
      "Ġë¬¼ìĹĪìĸ´ìļĶ": 944,
      "íĹĺ": 945,
      "ëŀĺì": 946,
      "ë¶Ģ": 947,
      "ì¤Ħ": 948,
      "íķ´ì¡Į": 949,
      "ĠëĴ": 950,
      "Ġê·¸ëħĢìĿĺ": 951,
      "Ġëĵ¤ìĸ´": 952,
      "ìĺĪìļĶ": 953,
      "Ġëĸ¨": 954,
      "ëģĦ": 955,
      "Ġê°ĻìĿ´": 956,
      "ĠìĹĲìĿ´": 957,
      "íĶĦ": 958,
      "Ġë©ĭ": 959,
      "ĠìĨĮë¦¬ë¥¼": 960,
      "Ġë³´ì": 961,
      "ĠìłĢ": 962,
      "§Ŀ": 963,
      "ĠìĦľë¡ľ": 964,
      "ë§ĪìĽĮ": 965,
      "ĠìĪĺëĬĶ": 966,
      "ëĤĺì": 967,
      "ĠëıĦìĽ": 968,
      "Ġíĸīë³µíķĺê²Į": 969,
      "ĠìĥĪê°Ģ": 970,
      "ĠíĨłëģ¼": 971,
      "Ġê±´": 972,
      "ł¸": 973,
      "ìķĦì§Ģ": 974,
      "ìĬ¤ëŁ¬": 975,
      "Ġê½ĥ": 976,
      "ê¼": 977,
      "Ġì¹ľìłĪ": 978,
      "ĠëĦ¤": 979,
      "ëłĩ": 980,
      "ĽĦë¡ľ": 981,
      "Ġê°ľëĬĶ": 982,
      "Ġë¶Ī": 983,
      "ĠëĳĲ": 984,
      "ëĲ": 985,
      "ê²¼": 986,
      "Ġìĵ": 987,
      "ħ¨ìĸ´ìļĶ": 988,
      "Ġëª©": 989,
      "ĠëĲĺì": 990,
      "ëĭĺ": 991,
      "ìĿ´ìĹĲ": 992,
      "Ġì¡°ìĭ¬": 993,
      "Ġíĳ": 994,
      "Ġë²Ħ": 995,
      "Ġë¯¸ìķĦëĬĶ": 996,
      "ĺĢ": 997,
      "ĠìĥģìŀĲë¥¼": 998,
      "ìĸ´ì¡Į": 999,
      "ìļ©": 1000,
      "ĠìĤ¬ëĿ¼": 1001,
      "Ġì°©": 1002,
      "Ġìĸ¼": 1003,
      "ëıĻì°¨": 1004,
      "Ġì¢ĭìĿĢ": 1005,
      "ĠìĿ´ìłľ": 1006,
      "Ġì¹ľêµ¬ëĵ¤ê³¼": 1007,
      "Ġìĺ¬ëĿ¼": 1008,
      "ëħķ": 1009,
      "Ġê´": 1010,
      "ĠìŀĲëıĻì°¨": 1011,
      "ìĭĿìĿĦ": 1012,
      "Ġëĸł": 1013,
      "ĠíĬ¹": 1014,
      "Ġë¯¸ìĨĮ": 1015,
      "ê¹ĮìļĶ": 1016,
      "ĠìĽĲ": 1017,
      "íĶ¼": 1018,
      "Ġëķ": 1019,
      "Ġì¼": 1020,
      "ĠëĤłìķĦ": 1021,
      "Ġë°ĺì§Ŀ": 1022,
      "Ġíı¬": 1023,
      "Ġëĵ¤ê³ł": 1024,
      "íŀĪ": 1025,
      "Ġì¤ĳ": 1026,
      "ĻĶìĸ´ìļĶ": 1027,
      "Ġë§Ľìŀ": 1028,
      "Ġì§ĳìĹĲ": 1029,
      "ĠíĶ¼": 1030,
      "Ġìŀħ": 1031,
      "ĠíĸĪì£ł": 1032,
      "ĠìĨĮëħĦ": 1033,
      "Ġëķħ": 1034,
      "Ġê¸°ë¶ĦìĿ´": 1035,
      "Ġìķī": 1036,
      "ĠíķĺëĬĺ": 1037,
      "ìĹ¬": 1038,
      "Ġê³°": 1039,
      "Ġê³µìĽĲìĹĲìĦľ": 1040,
      "ê°ľë¥¼": 1041,
      "ëĤĺëĬĶ": 1042,
      "ĠìķĬìķĺìĬµëĭĪëĭ¤": 1043,
      "¶Ķ": 1044,
      "ìķĪëħķ": 1045,
      "ê°Ķìĸ´ìļĶ": 1046,
      "ìłľ": 1047,
      "ĠìĿ´í": 1048,
      "ĠìĭľìŀĳíĸĪìĬµëĭĪëĭ¤": 1049,
      "ë§Ī": 1050,
      "ĠíĬ¹ë³Ħ": 1051,
      "ĠìĪ²": 1052,
      "Ġë§ĲìĶ": 1053,
      "ëłĩê²Į": 1054,
      "Ġì¢ĭìķĦíĸĪìĬµëĭĪëĭ¤": 1055,
      "íĤ¤": 1056,
      "ĠìĹ´ì": 1057,
      "Ġë°°ìĽł": 1058,
      "Ġëª°ëŀĲ": 1059,
      "ĠìĿ´íĽĦë¡ľ": 1060,
      "ëŁ½": 1061,
      "ĠëŃ": 1062,
      "ëł¸ìĬµëĭĪëĭ¤": 1063,
      "ĠëĤĺë¬": 1064,
      "ëĨ": 1065,
      "Ġë¦´ë¦¬ìĻĢ": 1066,
      "ì¼": 1067,
      "ìĪĺ": 1068,
      "ìĹĪê³ł": 1069,
      "ĠíĸĪì§Ģë§Į": 1070,
      "ĠíĹ": 1071,
      "íĸĪì§Ģë§Į": 1072,
      "ì¥Ĳ": 1073,
      "ĠìľĦìĹĲ": 1074,
      "Ġê·¸ë¦¼": 1075,
      "ê°Ĳ": 1076,
      "Ġì±ħ": 1077,
      "ĠìĨį": 1078,
      "Ġë§ĲìĶĢ": 1079,
      "ë¬¸": 1080,
      "ê³¤": 1081,
      "ħĮ": 1082,
      "Ġë¬´": 1083,
      "ĠíĥĢ": 1084,
      "ìĹĲëĬĶ": 1085,
      "Ġëĥ": 1086,
      "ĠìĺĪìģľ": 1087,
      "ì¡±": 1088,
      "Ġë£¨ìĭľëĬĶ": 1089,
      "ĠëĮĢíķ´": 1090,
      "Ġëĵľ": 1091,
      "ê°ĢìĦľ": 1092,
      "ëįķ": 1093,
      "¹ĺ": 1094,
      "Ġê³ĦìĨį": 1095,
      "Ħë§Ī": 1096,
      "ĠìķĮê³ł": 1097,
      "Ġë°ĶìľĦ": 1098,
      "Ġì¼ĢìĿ´": 1099,
      "µľ": 1100,
      "ë³´ê³ł": 1101,
      "ĠìĪ¨": 1102,
      "ê¸°ëĬĶ": 1103,
      "Ġê³³": 1104,
      "ë³´ì": 1105,
      "Ġìµľ": 1106,
      "ìŀĲê¸°": 1107,
      "Ġê°ĳ": 1108,
      "ë°©": 1109,
      "ĠìłĦ": 1110,
      "Ġê°Ģìŀ¥": 1111,
      "Ġíİ": 1112,
      "Ġê²½": 1113,
      "ĠìŀĪëĭ¤ëĬĶ": 1114,
      "Ġìļ©": 1115,
      "Ġëĭ¤ìĿĮ": 1116,
      "ĠìŀĪìĹĪì§ĢìļĶ": 1117,
      "Ġì¢ĭìķĦíķĺëĬĶ": 1118,
      "Ġê°ĲìĤ¬": 1119,
      "ĠìŀĪìĸ´ìļĶ": 1120,
      "Ġë¦´ë¦¬ê°Ģ": 1121,
      "Ġê²Įìŀ": 1122,
      "Ġê°ĳìŀĲê¸°": 1123,
      "Ġì¤Ħ": 1124,
      "Ġë¬¼ìĹĪìĬµëĭĪëĭ¤": 1125,
      "¸ìļĶ": 1126,
      "ĠíĬ¸": 1127,
      "Ġì½": 1128,
      "Ġìļ°ë¦¬": 1129,
      "ĠíĨ°ìĿ´": 1130,
      "ĠíĮĢìĿĺ": 1131,
      "ĠìĿ´ìķ¼ê¸°": 1132,
      "Ġë§ĲìĶĢíķĺì": 1133,
      "Ġë©ĭì§Ħ": 1134,
      "Ġê°ķìķĦì§Ģ": 1135,
      "ëª¨": 1136,
      "ìĹĦë§Ī": 1137,
      "Ġëĺ": 1138,
      "ĠíĬ¹ë³Ħíķľ": 1139,
      "ĠëĤĺëĬĶ": 1140,
      "ĠíĨ°ê³¼": 1141,
      "ĺ¤": 1142,
      "¸Ķ": 1143,
      "ì§ģ": 1144,
      "Ġë¹ł": 1145,
      "¤ìĬµëĭĪëĭ¤": 1146,
      "ĠìĨĲìĿĦ": 1147,
      "ĠëĤĺë¬´ë¥¼": 1148,
      "Ġìĵ°": 1149,
      "Ġê·¼": 1150,
      "ĠëĴ¤": 1151,
      "íĥĢ": 1152,
      "Ġíĺ¸": 1153,
      "ĠìĪĺì": 1154,
      "Ġë¨¹ê³ł": 1155,
      "ĠìĨĮë¦¬": 1156,
      "Ġë°ĶëĿ¼": 1157,
      "Ġë§ĪìĿĮ": 1158,
      "ĠìĪĺëĿ¼ëĬĶ": 1159,
      "ëĸ": 1160,
      "ìĥĿ": 1161,
      "Ġì¼ĢìĿ´íģ¬": 1162,
      "ĠìķĬìķĦ": 1163,
      "Ġê°ľê°Ģ": 1164,
      "ĠìĭľìŀĳíĸĪìĸ´ìļĶ": 1165,
      "Ġë¨¸": 1166,
      "ĠíĽĦ": 1167,
      "ìĿ´ì§Ģ": 1168,
      "ê´": 1169,
      "ĠëĤĺë¬´ìĹĲ": 1170,
      "ĠêµĲ": 1171,
      "ĠëĪĦ": 1172,
      "Īì£ł": 1173,
      "ĠìĥĪë¥¼": 1174,
      "Ġê·¸ëĤł": 1175,
      "ë²ķ": 1176,
      "Ġëĭ¹": 1177,
      "Ġë³´ìĹ¬ì£¼": 1178,
      "Ġíĭ°ë¨¸": 1179,
      "ĠìĬ¬íĶ": 1180,
      "Ġëħ¸ëŀĺ": 1181,
      "ê¹Įì§Ģ": 1182,
      "ĠíĿĶ": 1183,
      "Ġê°ĢìĦľ": 1184,
      "Ġì¢ĭìķĦíĸĪìĸ´ìļĶ": 1185,
      "Ġê±°ìĺĪìļĶ": 1186,
      "ëĵ¤ê³¼": 1187,
      "ĠìłķìĽĲ": 1188,
      "ìĦł": 1189,
      "Ġê³łìĸĳìĿ´ê°Ģ": 1190,
      "Ġì»": 1191,
      "ëłĪì": 1192,
      "Ġìĸ¸": 1193,
      "ìĭ¤": 1194,
      "Ġë°ĸìĹĲìĦľ": 1195,
      "ĠìĨĮëħĢëĬĶ": 1196,
      "ĸ´ìĦľ": 1197,
      "ì¡Įìĸ´ìļĶ": 1198,
      "ĠíĿĶëĵ¤": 1199,
      "ĠìĤ¬ê³¼": 1200,
      "ë¦´": 1201,
      "ķĦ": 1202,
      "Ġì¹ľêµ¬ëĵ¤ìĿĢ": 1203,
      "ĠëĤĺëĪł": 1204,
      "ĠíĴ": 1205,
      "ì§Ģë¥¼": 1206,
      "Ġë§ī": 1207,
      "Ġë§ĪìĿĦ": 1208,
      "Ġë´Ĳ": 1209,
      "±ìłķ": 1210,
      "ìķĺëĭµëĭĪëĭ¤": 1211,
      "Ġëıķ": 1212,
      "ìĹĪì§Ģë§Į": 1213,
      "íķ´ìķ¼": 1214,
      "ëĵĿ": 1215,
      "´ìĹĩ": 1216,
      "Ŀ½": 1217,
      "Ġë§ĮëĤ¬": 1218,
      "ë³´ìķĺì": 1219,
      "ĠìŀĲëŀĳ": 1220,
      "ĠëĬĲê¼": 1221,
      "ĠìķĦëŀĺ": 1222,
      "ëĿ½": 1223,
      "ĠìłĲ": 1224,
      "íĥģ": 1225,
      "Ġê·¸ëĵ¤ìĿ´": 1226,
      "Ġê³łë§ĪìĽĮ": 1227,
      "ë°ĸ": 1228,
      "ĠìķĪìłĦ": 1229,
      "ĠìĭĿ": 1230,
      "Ġê·¸ëķĮ": 1231,
      "Ġë¬´ìĹĩ": 1232,
      "ĠêµĲí": 1233,
      "ëĭ¹": 1234,
      "Ġê°ľêµ¬": 1235,
      "Ġê³§": 1236,
      "ĠìķĦëĭ": 1237,
      "Ġê°ĢëĵĿ": 1238,
      "Ġíĳľ": 1239,
      "ĠìĹĦë§ĪìĻĢ": 1240,
      "ĠëıĦìĻĢì¤Ħ": 1241,
      "ĠëĦ£": 1242,
      "ëŁ¬ìļ´": 1243,
      "íĸī": 1244,
      "Ġê°Ģì¡±": 1245,
      "ê·Ģ": 1246,
      "ĠëĨĴìĿ´": 1247,
      "ĠìĤ°": 1248,
      "ĠëıĦìĽĢìĿĦ": 1249,
      "Ġë©Īì": 1250,
      "ëıĦë¡Ŀ": 1251,
      "³Ĳ": 1252,
      "ê²¨": 1253,
      "ľ¼ë¡ľ": 1254,
      "ëĳ": 1255,
      "ĠëĲĺìĹĪìĬµëĭĪëĭ¤": 1256,
      "ĠëĤĺìĦľ": 1257,
      "ĠìĹ´": 1258,
      "ì²ĺëŁ¼": 1259,
      "ì½": 1260,
      "Ġë¯¸ëģĦ": 1261,
      "ĠìŀĲìĭłìĿ´": 1262,
      "Ġë¶Ģëĵľ": 1263,
      "ëĭĪëĬĶ": 1264,
      "Ġê·¼ì²ĺ": 1265,
      "Ġê·¸ëĵ¤ìĿĦ": 1266,
      "Ġê¼Ń": 1267,
      "Ġíĸīë³µíķ´": 1268,
      "ĠëĨĢëĿ¼": 1269,
      "ĠìĬ¤ì": 1270,
      "ì°©": 1271,
      "Ġìĸ´ëĸ": 1272,
      "ĠìĥĲ": 1273,
      "ĠíĻ": 1274,
      "Ġë§Īë²ķ": 1275,
      "íİ": 1276,
      "ĠìļĶ": 1277,
      "Ġë¬¸": 1278,
      "Ġë¯¸ìĨĮë¥¼": 1279,
      "Ġëĵ¤ìĸ´ì": 1280,
      "ĻĶìĬµëĭĪëĭ¤": 1281,
      "ê·¼": 1282,
      "ĠëĳĺìĿĢ": 1283,
      "ĠìĿ¸íĺ": 1284,
      "Ġê°Ħ": 1285,
      "ĠíĤ¤": 1286,
      "ĠìķĦë¦Ħ": 1287,
      "ìľ¼ëł¤ê³ł": 1288,
      "ìŀĲë¥¼": 1289,
      "ĠêµĲíĽ": 1290,
      "Īê±°ëĵłìļĶ": 1291,
      "ĠëŃĲ": 1292,
      "ĠëģĦ": 1293,
      "ľ¨": 1294,
      "Ġì¶Ķ": 1295,
      "Ġëł": 1296,
      "Ġë°ľê²¬íĸĪìĬµëĭĪëĭ¤": 1297,
      "ëŀĺìłĦ": 1298,
      "Ġìµľê³ł": 1299,
      "ĠìĪĺê°Ģ": 1300,
      "Ġìĭ¶ì§Ģ": 1301,
      "Ġì¤Ģ": 1302,
      "Ġë§ĽìŀĪëĬĶ": 1303,
      "ĠíķĦ": 1304,
      "ĠìŀĲê¸°": 1305,
      "ê¸¸": 1306,
      "ĠìķīìķĦ": 1307,
      "ĳìĿĦ": 1308,
      "Ġë¦´ë¦¬ëĿ¼ëĬĶ": 1309,
      "ĠëģĿ": 1310,
      "Ġì¹ľêµ¬ë¥¼": 1311,
      "Ġëľ»": 1312,
      "ë¶Ħ": 1313,
      "Ġê²ĮìŀĦìĿĦ": 1314,
      "µìĿĦ": 1315,
      "ìĺ¤ëŀĺìłĦ": 1316,
      "ĠìĿ´ëłĩê²Į": 1317,
      "ë´Ĳ": 1318,
      "ì±ħ": 1319,
      "Ġê¸°ëĭ¤": 1320,
      "Ġì´": 1321,
      "ĠíķĦìļĶ": 1322,
      "Ġë¸Ķ": 1323,
      "ĠìĿĮìĭĿìĿĦ": 1324,
      "Ġê¹¨ëĭ¬": 1325,
      "Ħê³ł": 1326,
      "êµŃ": 1327,
      "Ġê·¸ê²ĥìĿĦ": 1328,
      "ìļ¸": 1329,
      "Ġìŀĥ": 1330,
      "ĠëĨĢë©°": 1331,
      "ĠëıĦì°©": 1332,
      "ì³Ĳ": 1333,
      "ĠëĲĺìĸ´": 1334,
      "Ġì½Ķ": 1335,
      "¸ê°Ģ": 1336,
      "Ġíĸīë³µíĸĪìĬµëĭĪëĭ¤": 1337,
      "Ġê¸°ì": 1338,
      "Ġìĺģ": 1339,
      "Īìķ¼": 1340,
      "ĠìĦ¤": 1341,
      "ì§ĢìļĶ": 1342,
      "Ġê²°ìĭ¬": 1343,
      "Ġíķ´ìļĶ": 1344,
      "Ġëĭ¤ê°Ģ": 1345,
      "ĦíŀĪ": 1346,
      "ĠëģĦëįķ": 1347,
      "Ġê·¸ëŁ¬": 1348,
      "Ġë²¤ìĿ´": 1349,
      "ħ¨ì£ł": 1350,
      "Ġíķľëĭ¤ëĬĶ": 1351,
      "ëĤľ": 1352,
      "íĴ": 1353,
      "ëł¥": 1354,
      "¨ìĿĦ": 1355,
      "ĠìĿĺì": 1356,
      "Ġë§Ĳíķ´ìļĶ": 1357,
      "ê·¸ëŀĺ": 1358,
      "ëª»": 1359,
      "ĠìŀĪëĬĶì§Ģ": 1360,
      "ìłĦ": 1361,
      "ìĺĢì£ł": 1362,
      "íĭ": 1363,
      "Ġë²ĮëłĪ": 1364,
      "Ġíĸīë³µíķ´ì¡Į": 1365,
      "ìĿĮìĿĦ": 1366,
      "ĠìĻĢ": 1367,
      "ë©į": 1368,
      "íĮĮ": 1369,
      "ê¸°ê°Ģ": 1370,
      "ĠëĨĢëŁ¬": 1371,
      "Ġëĵ£ê³ł": 1372,
      "Ġë°ĺì§ĿìĿ´ëĬĶ": 1373,
      "ëŀĲìĬµëĭĪëĭ¤": 1374,
      "Ġëı¼": 1375,
      "ëłĢ": 1376,
      "ĠìĿ¼ìĸ´": 1377,
      "ĠìŀĲëŀĳìĬ¤ëŁ¬": 1378,
      "ìķĺê³ł": 1379,
      "¸Į": 1380,
      "Ġìī": 1381,
      "Ġì²Ń": 1382,
      "ĠìķĦë¦Ħëĭ¤": 1383,
      "Ġìĥī": 1384,
      "íĸĪëĭ¤": 1385,
      "Ġë°ĶëŀĮ": 1386,
      "ë°Ķ": 1387,
      "ì¼ľ": 1388,
      "Ġìĭ¶ìĹĪìĸ´ìļĶ": 1389,
      "ĠëĤľ": 1390,
      "©ëĭĪëĭ¤": 1391,
      "Ġë¯¸ìķĪ": 1392,
      "Ġêµ¬ë©į": 1393,
      "ì§Ī": 1394,
      "ĠìŀŃ": 1395,
      "¾¸": 1396,
      "ìĸ´ë¥¼": 1397,
      "Ġê°Ģê¹Į": 1398,
      "ĠíĶĮ": 1399,
      "ë³´ìŀĲ": 1400,
      "Ġëľ»ë°ĸ": 1401,
      "Ġìµľê³łìĿĺ": 1402,
      "ëŁŃ": 1403,
      "ë°ľ": 1404,
      "ìĿ´ëĿ¼ê³ł": 1405,
      "Ġë¦¬": 1406,
      "ìĤ¬ë¥¼": 1407,
      "ëįĶ": 1408,
      "Ġê³łê°ľë¥¼": 1409,
      "ĠìĤ°ì±ħ": 1410,
      "ĠëĺĲ": 1411,
      "ĠìĹĲìĿ´ë¯¸ëĬĶ": 1412,
      "Ġë°Ķë¡ľ": 1413,
      "Ġíķ´ê°Ģ": 1414,
      "ëŀĢìĥī": 1415,
      "ë¬¼ìĿĦ": 1416,
      "Ġê¼¬": 1417,
      "ĸ¸ê°Ģ": 1418,
      "ìĺĢìĸ´ìļĶ": 1419,
      "Ġëĸ¨ìĸ´ì": 1420,
      "Ġê·¸ê²Į": 1421,
      "ìĸ´ì¡Įìĸ´ìļĶ": 1422,
      "Ġë¬´ìĸ¸ê°Ģ": 1423,
      "ĠìĤ¬ìļ©": 1424,
      "Ġê²°êµŃ": 1425,
      "ĠìĹ¬ê¸°": 1426,
      "Ġíķ´ìķ¼": 1427,
      "Ġì¹ĺ": 1428,
      "ĠíĤ¤íĭ°": 1429,
      "Ĥ¬": 1430,
      "ìłĲ": 1431,
      "íĬ¸ë¥¼": 1432,
      "ĠëĨĢìķĺìĬµëĭĪëĭ¤": 1433,
      "Ġê³łìĸĳìĿ´ë¥¼": 1434,
      "ĠëĶ°ëĿ¼": 1435,
      "ë³´ë©°": 1436,
      "ĠëĤ¨ìŀĲëĬĶ": 1437,
      "±Ħ": 1438,
      "ĠíĬ¸ëŁŃ": 1439,
      "ìłĦíŀĪ": 1440,
      "ĠìķĦë¹łëĬĶ": 1441,
      "Ġë¹łë¥´": 1442,
      "ĠìĦ±": 1443,
      "ĠëĲł": 1444,
      "ìĿ´ìĹĪìĬµëĭĪëĭ¤": 1445,
      "ĠìĭľëıĦ": 1446,
      "ĠìĹĲìĿ´ë¯¸": 1447,
      "Ġì°½": 1448,
      "ê±¸": 1449,
      "Ġë¬¸ìĿĦ": 1450,
      "ĠìĶ": 1451,
      "ĠìĥĿê°ģíĸĪìĬµëĭĪëĭ¤": 1452,
      "Ġë°¥ìĿĢ": 1453,
      "ĠìĹĨìĹĪìĸ´ìļĶ": 1454,
      "Ġë³´ëĥĪëĭµëĭĪëĭ¤": 1455,
      "ì°®": 1456,
      "ìľł": 1457,
      "ëŀĮì¥Ĳ": 1458,
      "Ġì¢ĭìķĦíĸĪì§ĢìļĶ": 1459,
      "ĠìĽĢ": 1460,
      "ìĹĪì§ĢìļĶ": 1461,
      "Ġë°Ģ": 1462,
      "ëĭ¥": 1463,
      "ĠìĹ¬ìłĦíŀĪ": 1464,
      "ľì°®": 1465,
      "ĠëĨį": 1466,
      "Ġê·¸ë¦¼ìĿĦ": 1467,
      "Ġê¸¸ìĿĦ": 1468,
      "ĠíķĺëĬĶ": 1469,
      "ĠìĽĢì§ģ": 1470,
      "Ġê¿": 1471,
      "ª½": 1472,
      "ĪìĿĢ": 1473,
      "ì¢": 1474,
      "Ġëľ»ë°ĸìĿĺ": 1475,
      "Ġìķ½": 1476,
      "ĠíĻĶê°Ģ": 1477,
      "Ġìŀ¬ë¯¸ìŀĪëĬĶ": 1478,
      "Ġìļ©ê°Ĳ": 1479,
      "Ġê·¸ëĵ¤ìĿĺ": 1480,
      "Ġê¸°ë»Ĳíķĺë©°": 1481,
      "ì¶": 1482,
      "ìĸ´ê°Ģ": 1483,
      "Ġë¡": 1484,
      "Ġëĭ¤ëŀĮì¥Ĳ": 1485,
      "ëŁ¼íĭ": 1486,
      "ëªħ": 1487,
      "ĠëĲĺìĹĪëĭµëĭĪëĭ¤": 1488,
      "ìĸ´ë²Ħ": 1489,
      "Ġë¬¼ìĿĦ": 1490,
      "Ġê¶": 1491,
      "Ġ'": 1492,
      "¬ìĸ´ìļĶ": 1493,
      "Ġë¹¨ë¦¬": 1494,
      "ĠìŀĪìĸ´ìĦľ": 1495,
      "ĠìĻľ": 1496,
      "ĠìķĦë¦Ħëĭ¤ìļ´": 1497,
      "Ġì¹ľêµ¬ìĿ¸": 1498,
      "Ġê²ĥëĵ¤ìĿĦ": 1499
    },
    "merges": [
      "Ġ ì",
      "Ġ ë",
      "ì Ŀ",
      "Ġ ê",
      "ë ĭ",
      "Ī ì",
      "Ġ í",
      "ë Ĭ",
      "´ ì",
      "ëĬ Ķ",
      "ê ³",
      "ëĭ ¤",
      "ļ Ķ",
      "· ¸",
      "ê³ ł",
      "Ġê ·¸",
      "ìĿ Ħ",
      "ì Ĺ",
      "ëĭ Ī",
      "Ġì ŀ",
      "ê °",
      "ìĿ Ģ",
      "ĸ ´ì",
      "ëĭĪ ëĭ¤",
      "í ķ",
      "µ ëĭĪëĭ¤",
      "ĸ´ì ļĶ",
      "ìĿ ´",
      "ì ķ",
      "ë ¥",
      "Ġë §",
      "Ĭ µëĭĪëĭ¤",
      "§ Ģ",
      "ĸ Īì",
      "ë ĵ",
      "ìĹ Ĳ",
      "ë ¦",
      "ë¥ ¼",
      "ê° Ģ",
      "ĺ ì",
      "ê ²",
      "ëĵ ¤",
      "í ĸĪì",
      "Ġí ķ",
      "Ġë Ĥ",
      "ë §",
      "ĸ ´",
      "Ħ ľ",
      "Ġê °",
      "Ġì ķ",
      "ë¦ ¬",
      "Ŀ ¼",
      "¸ °",
      "ê² Į",
      "ë Ĥ",
      "ë Ŀ¼",
      "ìķ Ħ",
      "ë ¡",
      "ì ŀ",
      "¤ ì",
      "ë¡ ľ",
      "Ġë °",
      "Ġì Ĺ",
      "Ġì ĥ",
      "ë ħ",
      "Ġê ³",
      "ê ¸°",
      "ì §Ģ",
      "Ġì ĭ",
      "Īì Ĺ",
      "Ġ \"",
      "Į Ģ",
      "£ ł",
      "ë ©",
      "ìĿ ĺ",
      "ë ŀ",
      "ë ł",
      "íķ ĺ",
      "Ġê ²",
      "ì Ħľ",
      "Ġë ĭ",
      "Ġê·¸ ëĵ¤",
      "Ġì Ī",
      "Ġì Ŀ",
      "Ġë§ Ĳ",
      "ı Ħ",
      "ìĹ Īì",
      "ì ľ",
      "Ġë ³",
      "ë ³",
      "Ġë Ĩ",
      "ëħ Ģ",
      "ì ĸ´",
      "Ġê° Ģ",
      "Ġìŀ ĪìĹ",
      "Ļ Ģ",
      "Ġì ł",
      "ì ļĶ",
      "ì ĸ´ìļĶ",
      "ì ł",
      "Ġê·¸ëĵ¤ ìĿĢ",
      "íķ ľ",
      "ê µ",
      "ë ¬",
      "Ġë ¬",
      "Ġì Ĩ",
      "¯ ¸",
      "Ġì ¹",
      "ì Ľ",
      "ì ĭ",
      "ë© °",
      "ìľ ¼",
      "íĸĪì ĬµëĭĪëĭ¤",
      "ĠìĪ ĺ",
      "ĠìŀĪìĹ Īì",
      "Ġì Ĥ",
      "Ġê ±",
      "Ġí ĮĢ",
      "ĠëĨ Ģ",
      "ë Ł",
      "Ġê² ĥ",
      "Ī ëĬĶ",
      "Ġì ¢",
      "Ġë ª",
      "Ġí ģ",
      "Ġì ĺ",
      "êµ ¬",
      "ĠëĤ ł",
      "£ ¼",
      "Ĭ ¤",
      "Ġì¹ ľ",
      "Ħ ë§",
      "Ġê·¸ ëħĢ",
      "ì ļ",
      "ĠìĨ Į",
      "Ġìķ Ħ",
      "íĸĪì ĸ´ìļĶ",
      "ĠëĤ ĺ",
      "ĠìĹ Ħë§",
      "Ġì ĸ´",
      "ìķ ĺì",
      "Ġì °",
      "Ġì¢ ĭ",
      "ì ĬµëĭĪëĭ¤",
      "ë§ Į",
      "ë ıĦ",
      "ê³ ¼",
      "Ġê·¸ ëĬĶ",
      "Ġì¹ľ êµ¬",
      "ì ĻĢ",
      "ìŀ Ĳ",
      "ì ĺ",
      "ëĭ µëĭĪëĭ¤",
      "Ġí Ĩ",
      "ìĹĲ ìĦľ",
      "´ì ķ",
      "Ġíģ °",
      "Ġë ²",
      "´ ë¦¬",
      "ĠìĤ ¬",
      "Ġê·¸ëħĢ ëĬĶ",
      "Ġë ¦",
      "Ġë Ħ",
      "ëĿ¼ ëĬĶ",
      "ë ¯¸",
      "ļ °",
      "ëĿ¼ ê³ł",
      "Ġë³ ´",
      "íķ ´",
      "Ġìŀ ĳ",
      "Ġìĭ ¶",
      "Ġí ĸ",
      "ëĬ Ĳ",
      "ê »",
      "ìĹĲ ê²Į",
      "Ġê³ µ",
      "Ġê²ĥ ìĿĦ",
      "Ġë ĵ",
      "Ġë¦ ´ë¦¬",
      "ê ±",
      "Ġë ı",
      "ê» ĺ",
      "Ġìŀ Ĳ",
      "Ġí ĸĪì",
      "ĠìĿ ´",
      "¨ ê»ĺ",
      "Ġìł ķ",
      "Ġíķ ¨ê»ĺ",
      "Ġì¢ĭ ìķĦ",
      "ëŁ ¬",
      "ľ ê°",
      "ëĤ ĺ",
      "ë¬ ´",
      "Ġê³ ł",
      "ìľ¼ ë¡ľ",
      "´ì Ĺ",
      "Ġìŀĳ ìĿĢ",
      "§Ģ ë§Į",
      "ìļ ´",
      "íĸĪì £ł",
      "ì Ĭ¤",
      "ĠíĮĢ ìĿĢ",
      "Ġëĭ ¤",
      "Ġëª ¨",
      "Ġì §",
      "Ġë ¶",
      "íķ ´ì",
      "ĠíĨ °",
      "í ĸ",
      "Ġíķ ĺ",
      "Ġê ¸°",
      "Ġìķ Ĭ",
      "Ġë¬ ¼",
      ". \"",
      "! \"",
      "Ġë ¹",
      "Ġíĸ ī",
      "ë§ Ĳ",
      "ì ĥ",
      "Ġì Ľ",
      "Ġë į",
      "ì £¼",
      "ë³ µ",
      "Ġë ıĦ",
      "ëł ¤",
      "Ġìŀ ¥",
      "Ġìĥ Ī",
      "Ġíĸī ë³µ",
      "Ġìĸ´ ëĬĲ",
      "ķ Į",
      "Ġìłķ ë§Ĳ",
      "Ī ëĭµëĭĪëĭ¤",
      "ìĹĪì ĸ´ìļĶ",
      "Ġë§ ¤ì",
      "Ġê± °",
      "ë į",
      "ìĹĪì ĬµëĭĪëĭ¤",
      "ĠìŀĪìĹĪì ĸ´ìļĶ",
      "Ġë§¤ì ļ°",
      "Ġìŀ¥ ëĤ",
      "ê± °",
      "ĸ ĳ",
      "Ġë Ĳ",
      "Ġë ¯¸",
      "Ī ìĿĦ",
      "Ġë° Ķ",
      "Ġë§ Į",
      "Ġê± ¸",
      "ľê° Ĳ",
      "Ġìŀ¥ëĤ ľê°Ĳ",
      "Ġì ľ",
      "Ġìĭ ľ",
      "ìķ ¼",
      "Ġê° ľ",
      "ì Ĩ",
      "ì §",
      "¡ Į",
      "ĠëĦ Ī",
      "ĠìŀĪìĹĪì ĬµëĭĪëĭ¤",
      "Ļ Ķ",
      "Ġì° ¾",
      "ĠìĹĦë§ Ī",
      "ì ĸ´ì",
      "íķĺ ê³ł",
      "ëĤ ł",
      "ìĽ Ĳ",
      "ê ¹",
      "ìķĺì ĸ´ìļĶ",
      "´ì Ħľ",
      "Ġê³ł ì",
      "Ġë ħ",
      "Ġì §Ģ",
      "Ġì§ ĳ",
      "ë ¹",
      "ë °",
      "ĠìĽ ĥ",
      "Ġë§Ĳ íĸĪìĬµëĭĪëĭ¤",
      "£ ¨",
      "í Į",
      "Ġìĥ Ŀ",
      "ìĽ Į",
      "ìĿ ¼",
      "Ġì Ĭ",
      "ë ²",
      "íķ ĺì",
      "Ġìľ Ħ",
      "Ī ê³ł",
      "ĳ Ĳ",
      "ĪìĹ Ĳ",
      "ì £ł",
      "Ġëħ ¸",
      "Ġíķ ĺì",
      "ìĭ ł",
      "Ġì Ħ",
      "Ħ ìĿ´",
      "Ġë ¨",
      "Ġëĭ ¤ì",
      "´ìķ ¼",
      "Ġê³łì ĸĳ",
      "Ġìŀ Īì",
      "¬ í",
      "§Ģ ìļĶ",
      "Ġê¸° ë",
      "Ġëį Ķ",
      "? \"",
      "ë ģ",
      "Ġë° ľ",
      "ì Ĥ",
      "ìĭ ľ",
      "ê° ģ",
      "ë³ ´",
      "ë¬ ¼",
      "Ġì Ŀ¼",
      "Ġì ¡",
      "Ġë¶ Ģ",
      "ìĿ ¸",
      "Ġê°Ģ ì§Ģ",
      "ì °",
      "Ġì £¼",
      "ëŀ ĺ",
      "Ġìŀ ĪëĬĶ",
      "Ġìŀ ¬",
      "´ìķ ĺì",
      "ĠìĨĮ ëħĢ",
      "Ħ ìĿĦ",
      "ĭ ľ",
      "ê¹ Į",
      "Ġì¹ľêµ¬ ëĵ¤",
      "Ġë§ Ī",
      "Ľ ëĤł",
      "ëł ¸",
      "Ġë§ İ",
      "Ġë¦´ë¦¬ ëĬĶ",
      "ìŀ ĳ",
      "ìľ¼ ë©°",
      "ĠëĦĪ ë¬´",
      "Ġë ĮĢ",
      "Ġìĭľ ìŀĳ",
      "ëĭ¤ ëĬĶ",
      "ĠìĬ ¬í",
      "ëĵ ł",
      "Ġê³łìĸĳ ìĿ´",
      "ĠìĨĮ ëħ",
      "Ġëĭ ¬",
      "ê² ¬",
      "Ġìĥ ģ",
      "ë¦¬ ë¥¼",
      "ê° Ķ",
      "Ġê µ",
      "Ġíķ ľ",
      "Ġìĭ¶ ìĸ´",
      "ëŀ Į",
      "Ġë ķĮ",
      "Ġë°ľ ê²¬",
      "ìĿ ´ìĹ",
      "Ġíķ ´",
      "ë¦ Ħ",
      "íķĺ ëĬĶ",
      "ĠìĥĿ ê°ģ",
      "Ġì Ĭ¤",
      "ìĤ ¬",
      "ĭ °",
      "Ġë§ ¥",
      "ĠìĹĦë§ ĪëĬĶ",
      "ĺì Ħľ",
      "Ġë³´ ê³ł",
      "Ġì ¤",
      "ĠìŀĲ ìĭł",
      "Ġì¡ °",
      "Ġìŀ¬ ë¯¸",
      "ĠìĹ Ĩ",
      "Ġëĭ¤ì ĭľ",
      "ë ĥ",
      "¦ Ĳ",
      "Ġëı Į",
      "ë¦¬ ê³ł",
      "ìĿ Į",
      "Ġë² ¤",
      "ĠëĲ ĺ",
      "ĠíĨ° ìĿĢ",
      "ìĿ ´ì",
      "ë ĳĲ",
      "ê ¸",
      "Ġë§Ĳ íĸĪìĸ´ìļĶ",
      "Ġëĵ ¤",
      "íĸ ĪëĭµëĭĪëĭ¤",
      "ĠëĤ ´",
      "ìĺ ĽëĤł",
      "Ġê°Ģì§Ģ ê³ł",
      "ëĭ¤ ê³ł",
      "ìĿ´ ëĿ¼ëĬĶ",
      "Ġì ¦Ĳ",
      "į ¼",
      "ëŀ ĳ",
      "ê¸° ë¥¼",
      "Ġë ©",
      "ë¦¬ ëĬĶ",
      "ĠëĤĺ ë¬´",
      "Ġê³µ ìĽĲ",
      "Ġë ´",
      "Ġíķĺì §Ģë§Į",
      "íķĺ ë©°",
      "Ġë§¥ ìĬ¤",
      "Ġë Ľ",
      "íķĺ ê²Į",
      "Ġë¨ ¹",
      "Ġìķ Į",
      "ĠíĸĪì ĬµëĭĪëĭ¤",
      "ëĵ¤ ìĿĦ",
      "Ġë° °",
      "ë¦ °",
      "ìł ģ",
      "ĠìĿ ´ì",
      "ĠëĽ °",
      "Ġìŀ Ī",
      "ìŀ ¥",
      "Ġìĥ ĺ",
      "Ġíģ ¬",
      "Ġìŀ¬ë¯¸ ìŀ",
      "ìķĺì ĬµëĭĪëĭ¤",
      "Ġë§Į ëĵ¤",
      "ë Ħ",
      "Ġëı Ļ",
      "ìķ Ī",
      "Ġí Į",
      "ë ¶",
      "ì ¤",
      "Ġì ļ",
      "Ġê ¹",
      "ì ¹",
      "ëŀ Ĳ",
      "ìĨ Į",
      "ĠëĨĢ ê³ł",
      "Ġë§İ ìĿĢ",
      "Ġê¸°ë »",
      "ë¥ ¸",
      "ĠìĬ¤ íĮ",
      "ë ª",
      "ë ķĮ",
      "ë Ķ",
      "ĠëıĦ ìĻĢ",
      "Ĭ ¸",
      "ĠìĹ ¬",
      "ëĵ ľ",
      "ì ²",
      "Ġê° Ķ",
      "í Ķ",
      "ì Ħ",
      "ìĥ ī",
      "¤ì ĸ´ìļĶ",
      "Ġëª¨ ëĳĲ",
      "ë¥ ´",
      "ìĭ ¬",
      "íķ´ì ļĶ",
      "Ġë ĳ",
      "ħ ¨",
      "ìĽ ł",
      "ìł ¸",
      "ĠìĬ¤íĮ Ł",
      "í ģ",
      "Ġìĺ ¤",
      "Ġë³ ´ìķĺì",
      "Ġì ļ°",
      "Ġì¹ľêµ¬ ê°Ģ",
      "ë £¨",
      "Ģ ìĿĦ",
      "Ġìķ Ī",
      "ĥ ģ",
      "Ġê·¸ ë¦¬ê³ł",
      "Ġíķ ł",
      "ë ĮĢ",
      "Ġì ĸ",
      "ëį °",
      "ĠìĽĥ ìľ¼ë©°",
      "í ĺ",
      "ĠìĿ´ ë¦Ħ",
      "ìĥ ģ",
      "ëĶ Ķ",
      "Ġëħ¸ ëĬĶ",
      "Ġí ĥ",
      "ë¡ľ ìļ´",
      "Ġë ĸ",
      "Ġë¬ ´ìĦľ",
      "Ġìĺ Ľ",
      "ë ¨",
      "ĠìĺĽ ìłģ",
      "ìĺ Ģ",
      "ĠìĬ¬í į¼",
      "ë ı",
      "ìķ ĺ",
      "Ġë Ĭ",
      "Ġìĺ ¬",
      "Ġì° ¨",
      "ìĹĪì £ł",
      "Ġë° ©",
      "Ġí ĺ",
      "ĠíĸĪì ĸ´ìļĶ",
      "ĠìĤ ´",
      "ìł ķ",
      "ĠìĨĮëħ ĦìĿ´",
      "Ġìĥ ĪëĬĶ",
      "Ġë¹ ¨",
      "ëĵ¤ ìĿ´",
      "ë© ´",
      "Ġìĥģ ìŀĲ",
      "ĠìĺĽìłģ ìĹĲ",
      "ŀ Ĳ",
      "Ġë¯¸ ìķĦ",
      "ĠíĨ ł",
      "ìĨ į",
      "ĪìĹĲ ê²Į",
      "ĠìĿ´ë¦Ħ ìĿĺ",
      "ì ¡Į",
      "Ġê° Ļ",
      "Ģ ìĿ´",
      "ĠìĹĦë§Ī ê°Ģ",
      "íģ ¬",
      "Ġë Ķ",
      "ĠìĨĮëħĢ ê°Ģ",
      "Ġìĭ ľê°",
      "íķĺì §Ģ",
      "ë¨ ¸",
      "ê¸° ë¡ľ",
      "ëł¤ ê³ł",
      "ĠëĤĺ ë",
      "Īì ĬµëĭĪëĭ¤",
      "ŀ Ī",
      "ì§ Ħ",
      "Ġëĳ ĺ",
      "Ľ Ħ",
      "ìĸ´ ëĬĲ",
      "Ġë £¨",
      "Ġê² °",
      "Ġëĵ ¤ì",
      "ë© ´ìĦľ",
      "Ġíģ¬ ê³ł",
      "Ġì¢ ħ",
      "Ġëª »",
      "ê² ĥ",
      "ë¹ ł",
      "Ġë§Ĳ íĸĪì£ł",
      "Ġë² Į",
      "¸ ìĿĦ",
      "Ġìķ Īì",
      "Ġë Ī",
      "Ġê° ķ",
      "ëı Ļ",
      "ëł ¤ì",
      "Ġë§ ¤",
      "Ġí Ķ",
      "ë¯¸ ëĬĶ",
      "Ġì ¶",
      "ëģ ¼",
      "Ġìĸ´ ë¦°",
      "Ġë ģ",
      "Ġì¦Ĳ ê±°",
      "ĠìĥĪ ë¡ľìļ´",
      "Ġê³µ ìĿĦ",
      "Ħ í",
      "Ġì°¾ ìķĦ",
      "Ġìĭ ł",
      "Ġê ¸",
      "Ġê¸°ë» Ĳ",
      "ëĤ ¬",
      "Ġëĭ¤ ë¥¸",
      "ł Ħ",
      "ëĤ ´",
      "Ġì ²",
      "ĠìĤ¬ ëŀĮ",
      "ĠìķĦ ë¹ł",
      "Ġí ı",
      "Ġêµ ¬",
      "ĠìŀĪì ĸ´",
      "Īì ĸ´ìļĶ",
      "ìļ °",
      "Ġë³´ìķĺì ĬµëĭĪëĭ¤",
      "ĠíĮ Į",
      "ì Ī",
      "ĠëıĮ ìķĦ",
      ", \"",
      "Ġë£¨ ìĭľ",
      "ĠëĤ ¨",
      "Ġê·¸ ëŀ",
      "Ġìŀ ĪìĿĦ",
      "Ġí ĭ°",
      "ì° ¨",
      "Ġì Ļ",
      "Ħ °",
      "ìł Ģ",
      "ĠëĤĺë Ī",
      "íķľ ëķĮ",
      "Ġìŀ¥ëĤľê°Ĳ ìĿĦ",
      "íķ´ì Ħľ",
      "Ĥ ¤",
      "ë¹ Ħ",
      "ľ ¼",
      "Ġë§¥ìĬ¤ ëĬĶ",
      "Ġíķ Ń",
      "Ġê·¸ ê²ĥ",
      "ķ ìĿĦ",
      "Ġì Ħľ",
      "ĠìķĦ ìĿ´",
      "ë¦¬ ê°Ģ",
      "Ġë¹ Ħ",
      "Ī ê²Į",
      "Ġìĺ Īì",
      "Ġìł ľ",
      "ìĭ Ŀ",
      "ëŁ ¼",
      "ĠìķĦ ì£¼",
      "± ħ",
      "íĸĪì §ĢìļĶ",
      "íķ ł",
      "ëĭ µ",
      "Ġë¬´ìĦľ ìĽĮ",
      "ë¡ Ŀ",
      "í Ĭ¸",
      "Ġë³´ ëĥ",
      "Ġí Ĭ",
      "Ġê·¸ëŀ ĺìĦľ",
      "í ĥ",
      "ê° ľ",
      "ëĵ¤ ìĿĢ",
      "Ġíķĺ ê³ł",
      "ì² ĺ",
      "Ġí ĻĶ",
      "ĠìĨ Ĳ",
      "ê ·¸",
      "ê±° ëĵł",
      "ê ·",
      "ĠíĮĢ ìĿ´ëĿ¼ëĬĶ",
      "ëŁ °",
      "ë² Ħ",
      "ê° Ħ",
      "ĠìĿ ¸",
      "Ġí Ŀ",
      "Ġìŀ¬ë¯¸ìŀ Īê²Į",
      "Ġë° ĸ",
      "ĠìľĦ íķ´",
      "ì ³",
      "Ġê°Ķ ìĸ´ìļĶ",
      "Ī ëĭ¤",
      "Ġê² Į",
      "ëĬ ĺ",
      "ìľ Ħ",
      "ë ´",
      "ĠëĬ Ĳ",
      "ì¹ ĺ",
      "Ġì¦Ĳê±° ìļ´",
      "ĠëĮĢ ëĭµ",
      "ëł Ī",
      "Ġê³łìĸĳìĿ´ ëĬĶ",
      "ĠëĤ ĺì",
      "Ġíķ ´ì",
      "Ľ Į",
      "ìĺ ¤",
      "ì Ķ",
      "í ĭ°",
      "ìĿ´ ëĬĶ",
      "ĠìŀĲìĭł ìĿĺ",
      "Ġëª °",
      "ë§ Īì",
      "Ġìĭľê° ĦìĿĦ",
      "Ġê°Ģ ìł¸",
      "Ġë§¤ ìĿ¼",
      "ê±°ëĵł ìļĶ",
      "Ġê·¸ ìĿĺ",
      "Ġê²ĥ ìĿ´",
      "Ġì§ĳ ìľ¼ë¡ľ",
      "ê± ´",
      "Ġê·¸ ëŁ°",
      "ĠëĶ °",
      "ĠìĹ Ĳ",
      "Ġê ·",
      "ĠìķĬ ìķĺìĸ´ìļĶ",
      "ë¦ ¼",
      "ëĦ ¤",
      "Ġë´ ¤ìĸ´ìļĶ",
      "ĠìĹĦë§ ĪìĹĲê²Į",
      "Ġë§ Īì",
      "Ġë§Ĳ ìĿĦ",
      "Ġë¬ ´ì",
      "Ġê¹ ¨",
      "Ġê° Ĳ",
      "Ġì¢ħ ìĿ¼",
      "ì ¡",
      "´ìĹ ¬",
      "ĠìĤ´ ê³ł",
      "ĠìĺĪì ģ",
      "¥ Ĳ",
      "Ġë§ Ľ",
      "Ġê ¼",
      "Ġë³ ´ìĹ¬",
      "Ġë²¤ ìĿĢ",
      "Ġíķĺ ë£¨",
      "ë³ Ħ",
      "ĠëĤ¨ ìŀĲ",
      "ëł¸ ìĸ´ìļĶ",
      "ëŀ Ģ",
      "Ġìķ ĪìĹĲ",
      "ĠìĿ ´ìķ¼",
      "ëĭ ¬",
      "ĠëĨ Ĵ",
      "ì§Ģ ë§Į",
      "Ġê ½",
      "ĠíķŃ ìĥģ",
      "ĠìĤ¬ ëŀĳ",
      "ĠëĽ° ìĸ´",
      "ì Ĭ",
      "ĠìĬ¤íĮŁ ìĿĢ",
      "Ġìĥĺ ìĿĢ",
      "ê°Ķ ìĬµëĭĪëĭ¤",
      "Ġëª¨ ëĵł",
      "ĠíĮĢ ê³¼",
      "Īì ļĶ",
      "´ìĹ Ĳ",
      "Ġê±° ìķ¼",
      "í Ĺ",
      "ł ľ",
      "ĠëıĻ ë¬¼",
      "ìĹ ĪëĭµëĭĪëĭ¤",
      "íĸ Īê³ł",
      "ĠìĿ´ì ĥģ",
      "Ġê³ Ħ",
      "Ġìļ ¸",
      "Ġë¹¨ ê°Ħ",
      "ĠìĹ °",
      "Ġê·¸ëŁ° ëį°",
      "ĠëĨĢ ìķĺìĸ´ìļĶ",
      "ê² ł",
      "Ġëį °",
      "ĠìŀĪìĹĪì £ł",
      "Ġë° ĺì",
      "ĠìĿ¼ ìĿ´",
      "ìĿ ´ìķ¼",
      "ìķĺì £ł",
      "ìł Ī",
      "ìĸ´ì Ħľ",
      "Ġìŀ ł",
      "Ġìŀ ¡",
      "ķ ¼",
      "ëį ĺ",
      "ĠìĿ Į",
      "Ġëĵ £",
      "ĠìĦ ł",
      "ĠëıĦìĻĢ ì£¼",
      "Ġê³µìĽĲ ìĹĲ",
      "ê¸ Ī",
      "ëĭ¤ ê°Ģ",
      "Ġë° ¥",
      "í Ħ°",
      "ĠìĦ ¸",
      "Ġë¬¼ ê³ł",
      "í Ĩ",
      "Ġì¢ĭìķĦ íĸĪì£ł",
      "Ġë°ľê²¬ íĸĪìĸ´ìļĶ",
      "Ġìŀ ĺ",
      "ľ »",
      "Īì ĻĢ",
      "Ġê¸°ë ¶",
      "ìĿ´ ë¥¼",
      "Ġëĭ¬ ëł¤",
      "Ġë¬¼ ìĹĪìĸ´ìļĶ",
      "íĹ ĺ",
      "ëŀ ĺì",
      "ë¶ Ģ",
      "ì¤ Ħ",
      "íķ´ì ¡Į",
      "Ġë Ĵ",
      "Ġê·¸ëħĢ ìĿĺ",
      "Ġëĵ¤ì ĸ´",
      "ìĺ ĪìļĶ",
      "Ġëĸ ¨",
      "ëģ Ħ",
      "Ġê°Ļ ìĿ´",
      "ĠìĹĲ ìĿ´",
      "íĶ Ħ",
      "Ġë© ĭ",
      "ĠìĨĮ ë¦¬ë¥¼",
      "Ġë³ ´ì",
      "Ġìł Ģ",
      "§ Ŀ",
      "ĠìĦľ ë¡ľ",
      "ë§Īì ĽĮ",
      "ĠìĪĺ ëĬĶ",
      "ëĤ ĺì",
      "ĠëıĦ ìĽ",
      "Ġíĸīë³µ íķĺê²Į",
      "ĠìĥĪ ê°Ģ",
      "ĠíĨł ëģ¼",
      "Ġê± ´",
      "ł ¸",
      "ìķĦ ì§Ģ",
      "ìĬ¤ ëŁ¬",
      "Ġê½ ĥ",
      "ê ¼",
      "Ġì¹ľ ìłĪ",
      "ĠëĦ ¤",
      "ëł ĩ",
      "ĽĦ ë¡ľ",
      "Ġê°ľ ëĬĶ",
      "Ġë¶ Ī",
      "Ġë ĳĲ",
      "ë Ĳ",
      "ê² ¼",
      "Ġì ĵ",
      "ħ¨ ìĸ´ìļĶ",
      "Ġëª ©",
      "ĠëĲ ĺì",
      "ëĭ ĺ",
      "ìĿ´ìĹ Ĳ",
      "Ġì¡° ìĭ¬",
      "Ġí ĳ",
      "Ġë² Ħ",
      "Ġë¯¸ìķĦ ëĬĶ",
      "ĺ Ģ",
      "ĠìĥģìŀĲ ë¥¼",
      "ìĸ´ì ¡Į",
      "ìļ ©",
      "ĠìĤ¬ ëĿ¼",
      "Ġì° ©",
      "Ġìĸ ¼",
      "ëıĻ ì°¨",
      "Ġì¢ĭ ìĿĢ",
      "ĠìĿ´ì łľ",
      "Ġì¹ľêµ¬ëĵ¤ ê³¼",
      "Ġìĺ¬ ëĿ¼",
      "ëħ ķ",
      "Ġê ´",
      "ĠìŀĲ ëıĻì°¨",
      "ìĭĿ ìĿĦ",
      "Ġëĸ ł",
      "ĠíĬ ¹",
      "Ġë¯¸ ìĨĮ",
      "ê¹Į ìļĶ",
      "ĠìĽ Ĳ",
      "íĶ ¼",
      "Ġë ķ",
      "Ġì ¼",
      "ĠëĤł ìķĦ",
      "Ġë°ĺì §Ŀ",
      "Ġíı ¬",
      "Ġëĵ¤ ê³ł",
      "í ŀĪ",
      "Ġì¤ ĳ",
      "ĻĶ ìĸ´ìļĶ",
      "Ġë§Ľ ìŀ",
      "Ġì§ĳ ìĹĲ",
      "ĠíĶ ¼",
      "Ġìŀ ħ",
      "ĠíĸĪì £ł",
      "ĠìĨĮëħ Ħ",
      "Ġëķ ħ",
      "Ġê¸°ë¶ ĦìĿ´",
      "Ġìķ ī",
      "Ġíķĺ ëĬĺ",
      "ìĹ ¬",
      "Ġê³ °",
      "Ġê³µìĽĲ ìĹĲìĦľ",
      "ê°ľ ë¥¼",
      "ëĤĺ ëĬĶ",
      "ĠìķĬ ìķĺìĬµëĭĪëĭ¤",
      "¶ Ķ",
      "ìķĪ ëħķ",
      "ê°Ķ ìĸ´ìļĶ",
      "ìł ľ",
      "ĠìĿ´ í",
      "Ġìĭľìŀĳ íĸĪìĬµëĭĪëĭ¤",
      "ë§ Ī",
      "ĠíĬ¹ ë³Ħ",
      "ĠìĪ ²",
      "Ġë§Ĳ ìĶ",
      "ëłĩ ê²Į",
      "Ġì¢ĭìķĦ íĸĪìĬµëĭĪëĭ¤",
      "í Ĥ¤",
      "ĠìĹ ´ì",
      "Ġë°° ìĽł",
      "Ġëª° ëŀĲ",
      "ĠìĿ´í ĽĦë¡ľ",
      "ëŁ ½",
      "Ġë Ń",
      "ëł¸ ìĬµëĭĪëĭ¤",
      "ĠëĤĺ ë¬",
      "ë Ĩ",
      "Ġë¦´ë¦¬ ìĻĢ",
      "ì ¼",
      "ìĪ ĺ",
      "ìĹ Īê³ł",
      "ĠíĸĪì §Ģë§Į",
      "Ġí Ĺ",
      "íĸĪì §Ģë§Į",
      "ì ¥Ĳ",
      "ĠìľĦ ìĹĲ",
      "Ġê·¸ ë¦¼",
      "ê° Ĳ",
      "Ġì ±ħ",
      "ĠìĨ į",
      "Ġë§ĲìĶ Ģ",
      "ë¬ ¸",
      "ê³ ¤",
      "ħ Į",
      "Ġë¬ ´",
      "Ġíĥ Ģ",
      "ìĹĲ ëĬĶ",
      "Ġë ĥ",
      "ĠìĺĪìģ ľ",
      "ì¡ ±",
      "Ġë£¨ìĭľ ëĬĶ",
      "ĠëĮĢ íķ´",
      "Ġëĵ ľ",
      "ê°Ģ ìĦľ",
      "ëį ķ",
      "¹ ĺ",
      "Ġê³Ħ ìĨį",
      "Ħë§ Ī",
      "ĠìķĮ ê³ł",
      "Ġë°Ķ ìľĦ",
      "Ġì¼ ĢìĿ´",
      "µ ľ",
      "ë³´ ê³ł",
      "ĠìĪ ¨",
      "ê¸° ëĬĶ",
      "Ġê³ ³",
      "ë³ ´ì",
      "Ġì µľ",
      "ìŀĲ ê¸°",
      "Ġê° ĳ",
      "ë° ©",
      "Ġìł Ħ",
      "Ġê°Ģ ìŀ¥",
      "Ġí İ",
      "Ġê² ½",
      "ĠìŀĪ ëĭ¤ëĬĶ",
      "Ġìļ ©",
      "Ġëĭ¤ ìĿĮ",
      "ĠìŀĪìĹĪì §ĢìļĶ",
      "Ġì¢ĭìķĦ íķĺëĬĶ",
      "Ġê°Ĳ ìĤ¬",
      "ĠìŀĪì ĸ´ìļĶ",
      "Ġë¦´ë¦¬ ê°Ģ",
      "Ġê²Į ìŀ",
      "Ġê°ĳ ìŀĲê¸°",
      "Ġì¤ Ħ",
      "Ġë¬¼ ìĹĪìĬµëĭĪëĭ¤",
      "¸ ìļĶ",
      "Ġí Ĭ¸",
      "Ġì ½",
      "Ġìļ° ë¦¬",
      "ĠíĨ° ìĿ´",
      "ĠíĮĢ ìĿĺ",
      "ĠìĿ´ìķ¼ ê¸°",
      "Ġë§ĲìĶĢ íķĺì",
      "Ġë©ĭ ì§Ħ",
      "Ġê°ķ ìķĦì§Ģ",
      "ëª ¨",
      "ìĹ Ħë§Ī",
      "Ġë ĺ",
      "ĠíĬ¹ë³Ħ íķľ",
      "ĠëĤĺ ëĬĶ",
      "ĠíĨ° ê³¼",
      "ĺ ¤",
      "¸ Ķ",
      "ì§ ģ",
      "Ġë¹ ł",
      "¤ì ĬµëĭĪëĭ¤",
      "ĠìĨĲ ìĿĦ",
      "ĠëĤĺë¬´ ë¥¼",
      "Ġìĵ °",
      "Ġê· ¼",
      "ĠëĴ ¤",
      "íĥ Ģ",
      "Ġíĺ ¸",
      "ĠìĪ ĺì",
      "Ġë¨¹ ê³ł",
      "ĠìĨĮ ë¦¬",
      "Ġë°Ķ ëĿ¼",
      "Ġë§Ī ìĿĮ",
      "ĠìĪĺ ëĿ¼ëĬĶ",
      "ë ĸ",
      "ìĥ Ŀ",
      "Ġì¼ĢìĿ´ íģ¬",
      "ĠìķĬ ìķĦ",
      "Ġê°ľ ê°Ģ",
      "Ġìĭľìŀĳ íĸĪìĸ´ìļĶ",
      "Ġë¨ ¸",
      "Ġí ĽĦ",
      "ìĿ´ì §Ģ",
      "ê ´",
      "ĠëĤĺë¬ ´ìĹĲ",
      "Ġêµ Ĳ",
      "ĠëĪ Ħ",
      "Īì £ł",
      "ĠìĥĪ ë¥¼",
      "Ġê·¸ ëĤł",
      "ë² ķ",
      "Ġëĭ ¹",
      "Ġë³´ìĹ¬ ì£¼",
      "Ġíĭ° ë¨¸",
      "ĠìĬ¬í Ķ",
      "Ġëħ¸ ëŀĺ",
      "ê¹Į ì§Ģ",
      "ĠíĿ Ķ",
      "Ġê°Ģ ìĦľ",
      "Ġì¢ĭìķĦ íĸĪìĸ´ìļĶ",
      "Ġê±° ìĺĪìļĶ",
      "ëĵ¤ ê³¼",
      "Ġìłķ ìĽĲ",
      "ìĦ ł",
      "Ġê³łìĸĳìĿ´ ê°Ģ",
      "Ġì »",
      "ëł Īì",
      "Ġìĸ ¸",
      "ìĭ ¤",
      "Ġë°ĸ ìĹĲìĦľ",
      "ĠìĨĮëħĢ ëĬĶ",
      "ĸ´ì Ħľ",
      "ì¡Į ìĸ´ìļĶ",
      "ĠíĿĶ ëĵ¤",
      "ĠìĤ¬ ê³¼",
      "ë¦ ´",
      "ķ Ħ",
      "Ġì¹ľêµ¬ëĵ¤ ìĿĢ",
      "ĠëĤĺëĪ ł",
      "Ġí Ĵ",
      "ì§Ģ ë¥¼",
      "Ġë§ ī",
      "Ġë§ ĪìĿĦ",
      "Ġë´ Ĳ",
      "± ìłķ",
      "ìķĺ ëĭµëĭĪëĭ¤",
      "Ġëı ķ",
      "ìĹĪì §Ģë§Į",
      "íķ ´ìķ¼",
      "ëĵ Ŀ",
      "´ìĹ ĩ",
      "Ŀ ½",
      "Ġë§Į ëĤ¬",
      "ë³ ´ìķĺì",
      "ĠìŀĲ ëŀĳ",
      "ĠëĬĲ ê¼",
      "ĠìķĦ ëŀĺ",
      "ë Ŀ½",
      "Ġìł Ĳ",
      "í ĥģ",
      "Ġê·¸ëĵ¤ ìĿ´",
      "Ġê³ł ë§ĪìĽĮ",
      "ë° ĸ",
      "ĠìķĪì łĦ",
      "Ġìĭ Ŀ",
      "Ġê·¸ ëķĮ",
      "Ġë¬ ´ìĹĩ",
      "ĠêµĲ í",
      "ëĭ ¹",
      "Ġê°ľ êµ¬",
      "Ġê³ §",
      "ĠìķĦ ëĭ",
      "Ġê°Ģ ëĵĿ",
      "Ġíĳ ľ",
      "ĠìĹĦë§ ĪìĻĢ",
      "ĠëıĦìĻĢ ì¤Ħ",
      "ĠëĦ £",
      "ëŁ¬ ìļ´",
      "íĸ ī",
      "Ġê°Ģ ì¡±",
      "ê· Ģ",
      "ĠëĨĴ ìĿ´",
      "ĠìĤ °",
      "ĠëıĦìĽ ĢìĿĦ",
      "Ġë© Īì",
      "ëıĦ ë¡Ŀ",
      "³ Ĳ",
      "ê² ¨",
      "ľ¼ ë¡ľ",
      "ë ĳ",
      "ĠëĲĺ ìĹĪìĬµëĭĪëĭ¤",
      "ĠëĤ ĺìĦľ",
      "ĠìĹ ´",
      "ì²ĺ ëŁ¼",
      "ì ½",
      "Ġë¯¸ ëģĦ",
      "ĠìŀĲìĭł ìĿ´",
      "Ġë¶Ģ ëĵľ",
      "ëĭĪ ëĬĶ",
      "Ġê·¼ ì²ĺ",
      "Ġê·¸ëĵ¤ ìĿĦ",
      "Ġê¼ Ń",
      "Ġíĸīë³µ íķ´",
      "ĠëĨĢ ëĿ¼",
      "ĠìĬ ¤ì",
      "ì° ©",
      "Ġìĸ´ ëĸ",
      "Ġìĥ Ĳ",
      "Ġí Ļ",
      "Ġë§Ī ë²ķ",
      "í İ",
      "Ġì ļĶ",
      "Ġë¬ ¸",
      "Ġë¯¸ìĨĮ ë¥¼",
      "Ġëĵ¤ì ĸ´ì",
      "ĻĶ ìĬµëĭĪëĭ¤",
      "ê· ¼",
      "Ġëĳĺ ìĿĢ",
      "ĠìĿ¸ íĺ",
      "Ġê° Ħ",
      "Ġí Ĥ¤",
      "ĠìķĦ ë¦Ħ",
      "ìľ¼ ëł¤ê³ł",
      "ìŀĲ ë¥¼",
      "ĠêµĲí Ľ",
      "Ī ê±°ëĵłìļĶ",
      "ĠëŃ Ĳ",
      "Ġëģ Ħ",
      "ľ ¨",
      "Ġì¶ Ķ",
      "Ġë ł",
      "Ġë°ľê²¬ íĸĪìĬµëĭĪëĭ¤",
      "ëŀĺì łĦ",
      "Ġìµľ ê³ł",
      "ĠìĪĺ ê°Ģ",
      "Ġìĭ¶ ì§Ģ",
      "Ġì¤ Ģ",
      "Ġë§Ľìŀ ĪëĬĶ",
      "Ġíķ Ħ",
      "ĠìŀĲ ê¸°",
      "ê¸ ¸",
      "Ġìķī ìķĦ",
      "ĳ ìĿĦ",
      "Ġë¦´ë¦¬ ëĿ¼ëĬĶ",
      "Ġëģ Ŀ",
      "Ġì¹ľêµ¬ ë¥¼",
      "Ġë ľ»",
      "ë¶ Ħ",
      "Ġê²Įìŀ ĦìĿĦ",
      "µ ìĿĦ",
      "ìĺ¤ ëŀĺìłĦ",
      "ĠìĿ´ ëłĩê²Į",
      "ë´ Ĳ",
      "ì ±ħ",
      "Ġê¸° ëĭ¤",
      "Ġì ´",
      "ĠíķĦ ìļĶ",
      "Ġë ¸Ķ",
      "ĠìĿĮ ìĭĿìĿĦ",
      "Ġê¹¨ ëĭ¬",
      "Ħ ê³ł",
      "êµ Ń",
      "Ġê·¸ê²ĥ ìĿĦ",
      "ìļ ¸",
      "Ġìŀ ĥ",
      "ĠëĨĢ ë©°",
      "ĠëıĦ ì°©",
      "ì³ Ĳ",
      "ĠëĲĺì ĸ´",
      "Ġì½ Ķ",
      "¸ ê°Ģ",
      "Ġíĸīë³µ íĸĪìĬµëĭĪëĭ¤",
      "Ġê¸° ì",
      "Ġìĺ ģ",
      "Īì ķ¼",
      "ĠìĦ ¤",
      "ì§Ģ ìļĶ",
      "Ġê²° ìĭ¬",
      "Ġíķ´ì ļĶ",
      "Ġëĭ¤ ê°Ģ",
      "Ħí ŀĪ",
      "ĠëģĦ ëįķ",
      "Ġê·¸ ëŁ¬",
      "Ġë²¤ ìĿ´",
      "ħ¨ ì£ł",
      "Ġíķľ ëĭ¤ëĬĶ",
      "ëĤ ľ",
      "í Ĵ",
      "ëł ¥",
      "¨ ìĿĦ",
      "ĠìĿ ĺì",
      "Ġë§Ĳ íķ´ìļĶ",
      "ê·¸ ëŀĺ",
      "ëª »",
      "ĠìŀĪëĬĶ ì§Ģ",
      "ìł Ħ",
      "ìĺĢ ì£ł",
      "í ĭ",
      "Ġë²Į ëłĪ",
      "Ġíĸīë³µ íķ´ì¡Į",
      "ìĿĮ ìĿĦ",
      "Ġì ĻĢ",
      "ë© į",
      "íĮ Į",
      "ê¸° ê°Ģ",
      "ĠëĨĢ ëŁ¬",
      "Ġëĵ£ ê³ł",
      "Ġë°ĺì§Ŀ ìĿ´ëĬĶ",
      "ëŀĲ ìĬµëĭĪëĭ¤",
      "Ġëı ¼",
      "ëł Ģ",
      "ĠìĿ¼ ìĸ´",
      "ĠìŀĲëŀĳ ìĬ¤ëŁ¬",
      "ìķĺ ê³ł",
      "¸ Į",
      "Ġì ī",
      "Ġì² Ń",
      "ĠìķĦë¦Ħ ëĭ¤",
      "Ġìĥ ī",
      "íĸ Īëĭ¤",
      "Ġë°Ķ ëŀĮ",
      "ë° Ķ",
      "ì¼ ľ",
      "Ġìĭ¶ ìĹĪìĸ´ìļĶ",
      "ĠëĤ ľ",
      "© ëĭĪëĭ¤",
      "Ġë¯¸ ìķĪ",
      "Ġêµ¬ ë©į",
      "ì§ Ī",
      "Ġìŀ Ń",
      "¾ ¸",
      "ìĸ´ ë¥¼",
      "Ġê°Ģ ê¹Į",
      "ĠíĶ Į",
      "ë³´ì ŀĲ",
      "Ġëľ» ë°ĸ",
      "Ġìµľê³ł ìĿĺ",
      "ëŁ Ń",
      "ë° ľ",
      "ìĿ´ ëĿ¼ê³ł",
      "Ġë¦ ¬",
      "ìĤ¬ ë¥¼",
      "ëį Ķ",
      "Ġê³ł ê°ľë¥¼",
      "ĠìĤ° ì±ħ",
      "Ġëĺ Ĳ",
      "ĠìĹĲìĿ´ ë¯¸ëĬĶ",
      "Ġë°Ķ ë¡ľ",
      "Ġíķ´ ê°Ģ",
      "ëŀĢ ìĥī",
      "ë¬¼ ìĿĦ",
      "Ġê¼ ¬",
      "ĸ ¸ê°Ģ",
      "ìĺĢ ìĸ´ìļĶ",
      "Ġëĸ¨ ìĸ´ì",
      "Ġê·¸ ê²Į",
      "ìĸ´ì¡Į ìĸ´ìļĶ",
      "Ġë¬´ì ĸ¸ê°Ģ",
      "ĠìĤ¬ ìļ©",
      "Ġê²° êµŃ",
      "ĠìĹ¬ ê¸°",
      "Ġíķ ´ìķ¼",
      "Ġì¹ ĺ",
      "ĠíĤ¤ íĭ°",
      "Ĥ ¬",
      "ìł Ĳ",
      "íĬ¸ ë¥¼",
      "ĠëĨĢ ìķĺìĬµëĭĪëĭ¤",
      "Ġê³łìĸĳìĿ´ ë¥¼",
      "ĠëĶ° ëĿ¼",
      "ë³´ ë©°",
      "ĠëĤ¨ìŀĲ ëĬĶ",
      "± Ħ",
      "ĠíĬ¸ ëŁŃ",
      "ìł ĦíŀĪ",
      "ĠìķĦë¹ł ëĬĶ",
      "Ġë¹ł ë¥´",
      "ĠìĦ ±",
      "ĠëĲ ł",
      "ìĿ´ìĹ ĪìĬµëĭĪëĭ¤",
      "Ġìĭľ ëıĦ",
      "ĠìĹĲìĿ´ ë¯¸",
      "Ġì° ½",
      "ê± ¸",
      "Ġë¬ ¸ìĿĦ",
      "Ġì Ķ",
      "ĠìĥĿê°ģ íĸĪìĬµëĭĪëĭ¤",
      "Ġë°¥ ìĿĢ",
      "ĠìĹĨ ìĹĪìĸ´ìļĶ",
      "Ġë³´ëĥ ĪëĭµëĭĪëĭ¤",
      "ì° ®",
      "ìľ ł",
      "ëŀĮ ì¥Ĳ",
      "Ġì¢ĭìķĦ íĸĪì§ĢìļĶ",
      "ĠìĽ Ģ",
      "ìĹĪì §ĢìļĶ",
      "Ġë° Ģ",
      "ëĭ ¥",
      "ĠìĹ¬ ìłĦíŀĪ",
      "ľ ì°®",
      "ĠëĨ į",
      "Ġê·¸ë¦¼ ìĿĦ",
      "Ġê¸ ¸ìĿĦ",
      "Ġíķĺ ëĬĶ",
      "ĠìĽĢ ì§ģ",
      "Ġê ¿",
      "ª ½",
      "Ī ìĿĢ",
      "ì ¢",
      "Ġëľ»ë°ĸ ìĿĺ",
      "Ġìķ ½",
      "ĠíĻĶ ê°Ģ",
      "Ġìŀ¬ë¯¸ìŀ ĪëĬĶ",
      "Ġìļ© ê°Ĳ",
      "Ġê·¸ëĵ¤ ìĿĺ",
      "Ġê¸°ë»Ĳ íķĺë©°",
      "ì ¶",
      "ìĸ´ ê°Ģ",
      "Ġë ¡",
      "Ġëĭ¤ ëŀĮì¥Ĳ",
      "ëŁ¼ íĭ",
      "ëª ħ",
      "ĠëĲĺ ìĹĪëĭµëĭĪëĭ¤",
      "ìĸ´ ë²Ħ",
      "Ġë¬¼ ìĿĦ",
      "Ġê ¶",
      "Ġ '",
      "¬ ìĸ´ìļĶ",
      "Ġë¹¨ ë¦¬",
      "ĠìŀĪì ĸ´ìĦľ",
      "ĠìĻ ľ",
      "ĠìķĦë¦Ħëĭ¤ ìļ´",
      "Ġì¹ľêµ¬ ìĿ¸",
      "Ġê²ĥ ëĵ¤ìĿĦ"
    ]
  }
}